Coefficient,Value
FP_c_gapH,0.0532124209715923
FP_c_gapF,0.553397824157068
FP_s_gapH,-2.28123178865394
