Row,Loss_RAMSEY
Union,0.0363396993400147
Home,0.0302955206718733
Foreign,0.0553210679182619
