Row,Loss_RAMSEY
Union,0.0376977494172125
Home,0.0317659478552458
Foreign,0.0563159999481484
