Coefficient,Value
FP_y_gapH,-8.33233788112216
FP_y_gapF,-5.04630854516224
FP_pieH,6.30967637033787
FP_pieF,-3.81162026189941
