Coefficient,Value
FP_c_gapH,2.40988162001469
FP_s_gapH,-5.0541210921032
FP_c_gapF_starr,-0.531394295286527
FP_s_gapF_starr,-1.20552305649586
