Coefficient,Value
FP_c_gapH,-0.97719881134702
FP_s_gapH,-1.07568382833408
