Row,Loss_RAMSEY
Union,0.021454106677683
Home,0.0180455416279796
Foreign,0.0329206838393996
