Row,Loss_RAMSEY,Loss_OSR,CEV
Union,0.0265300641099857,0.098977364155386,1.60496230535618
Home,0.0220962348329405,0.00048899973533043,-0.876502851059268
Foreign,0.0406434674016787,0.394454559043835,3.54682251107304
