Coefficient,Value
FP_c_gapH,5.63450089749656
FP_y_gapRH,1.0000854323915
FP_c_gapF_starr,-3.42780839009775
FP_y_gapRF_starr,-0.0404527851924908
