Coefficient,Value
FP_c_gapH,2.3443750467117
FP_s_gapH,-5.50299483493559
FP_c_gapF_starr,-0.544015410647155
FP_s_gapF_starr,-1.5349786531533
