Row,Loss_RAMSEY
Union,0.0198041824609524
Home,0.0332949838506155
Foreign,0.00643734833925217
