Row,Loss_RAMSEY
Union,0.043433971067101
Home,0.0151145830235308
Foreign,0.131825717244995
