Row,Loss_RAMSEY
Union,0.0238076557900716
Home,0.0393383343433038
Foreign,0.00872554573004992
