Row,Loss_RAMSEY
Union,0.023807655790073
Home,0.039338334343307
Foreign,0.00872554573004966
