Row,Loss_RAMSEY
Union,0.0327782733516133
Home,0.0541995536398488
Foreign,0.0116174497738555
