Row,Loss_RAMSEY
Union,0.0334797428780357
Home,0.0557747435819048
Foreign,0.0114278495159622
