Row,Loss_RAMSEY,Loss_OSR,CEV
Union,0.0327782733516133,0.116288685830819,1.72315382667124
Home,0.0541995536398488,0.0189362685941969,-1.11973465183144
Foreign,0.0116174497738555,0.21363548467065,2.68008646558225
