Row,Loss_RAMSEY
Union,1.12682798385994e-06
Home,1.12682910197434e-06
Foreign,1.12682708071965e-06
