Row,Loss_RAMSEY,Loss_OSR,CEV
Union,0.0245768377688378,0.084079918579162,1.45453260378659
Home,0.0411362146348096,0.0168855374088344,-0.928572184252795
Foreign,0.00816658637814621,0.151291731753617,2.25585772108848
