Row,Loss_RAMSEY,Loss_OSR,CEV
Union,0.0245768377688378,0.0848044246269829,1.46336096384721
Home,0.0411362146348096,0.0171688179744521,-0.923132765900648
Foreign,0.00816658637814621,0.152451993892834,2.26498296301418
