Coefficient,Value
FP_c_gapH,-0.256989169001384
FP_s_gapH,-3.18025836308438
