Row,Loss_RAMSEY,Loss_OSR,CEV
Union,0.0359394553721635,0.0733174012633073,1.15281986089983
Home,0.0296539002815495,0.00898204859466918,-0.85732092654331
Foreign,0.0554708823125284,0.265893010737303,2.73526519323544
