Row,Loss_RAMSEY,Loss_OSR,CEV
Union,0.0359394553721947,0.0733171710709137,1.15281631106849
Home,0.0296539002815748,0.00899403773024625,-0.857072278582095
Foreign,0.0554708823125781,0.265856200788553,2.73502593756362
