Coefficient,Value
FP_y_gapH,1.27849428433883
FP_pieH,-0.338539363416019
FP_y_gapF_starr,0.959696521055935
FP_pieF_starr,-0.1352448909764
