Coefficient,Value
FP_y_gapH,1.28031365744414
FP_pieH,-0.33692054175521
FP_y_gapF_starr,0.959084071969783
FP_pieF_starr,-0.135785302904345
