Coefficient,Value
FP_c_gapH,-0.403082464572205
FP_s_gapH,-1.44853548639174
