Coefficient,Value
FP_y_gapH,-6.4449030981713
FP_y_gapF,-2.85520914059896
FP_pieH,-5.78306126157605
FP_pieF,4.29475043105188
