Coefficient,Value
FP_c_gapH,-0.654091127874225
FP_s_gapH,0.774228094807943
