Coefficient,Value
FP_y_gapH,-4.18766263571967
FP_y_gapF,-3.63936790905627
FP_pieH,2.3273146031234
FP_pieF,-1.76454885273923
