Coefficient,Value
FP_c_gapH,-0.198427821044453
FP_c_gapF,0.604387620383653
FP_s_gapH,-2.06164024043279
