Coefficient,Value
FP_y_gapH,-10
FP_y_gapF,-2.59388295718246
FP_pieH,6.03543569482529
FP_pieF,-0.210346286800478
