Row,Loss_RAMSEY,Loss_OSR,CEV
Union,0.0604184975711061,0.167385728766152,1.95019981832104
Home,0.0633524464351289,0.00381977555201244,-1.45489421847612
Foreign,0.0591984115149348,0.331621563833746,3.11225907130031
