Coefficient,Value
FP_c_gapH,-0.424042027851995
FP_s_gapH,0.545879720739687
