Coefficient,Value
FP_y_gapH,-9.99911379534037
FP_y_gapF,-3.33303788090127
FP_pieH,-5.401769741916
FP_pieF,-1.80058387788628
