Coefficient,Value
FP_c_gapCU,-1.26129028317976
FP_s_gapH,0.339453700965096
FP_c_gapCU_starr,-1.07192849609516
FP_s_gapF_starr,-0.759149966501343
