Coefficient,Value
FP_c_gapH,-1.96180770988051
FP_s_gapH,-3.30895075668325
