Coefficient,Value
FP_c_gapH,-0.219071731901684
FP_c_gapF,-2.03397546682124
FP_s_gapH,2.97221531640294
