Coefficient,Value
FP_c_gapH,-1.25573612293284
FP_s_gapH,-0.804193607675513
