Row,Loss_RAMSEY,Loss_OSR,CEV
Union,0.0238933572694847,0.0542148967570592,1.03831555019677
Home,0.0394199654521487,0.0216742920991724,-0.794328190845882
Foreign,0.00864210729299588,0.0869892700874547,1.66903472083673
