Coefficient,Value
FP_y_gapH,1.45207232304667
FP_pieH,-0.325571596932932
FP_y_gapF_starr,1.02520102315826
FP_pieF_starr,-0.0953404156552003
