Coefficient,Value
FP_c_gapH,5.29624628434215
FP_y_gapRH,9.99999587419014
