Coefficient,Value
FP_c_gapCU,0.0795889292560201
FP_s_gapH,-1.88760351172711
