Row,Loss_RAMSEY,Loss_OSR,CEV
Union,0.0757141853529912,0.105490828544318,1.02894367739308
Home,0.0270928185891224,0.0437074616213924,0.768597985535741
Foreign,0.223956755880145,0.290820400838799,1.54187354960593
