Coefficient,Value
FP_y_gapH,4.63875115927365
FP_pieH,-1.95691212703642
