Coefficient,Value
FP_y_gapH,4.15994687182394
FP_pieH,-1.52492868039864
