Row,Loss_RAMSEY
Union,0.0946208812390944
Home,0.0975969223883617
Foreign,0.0955627885200837
