Row,Loss_RAMSEY
Union,0.0574138609241006
Home,0.0597247293316146
Foreign,0.0599398901213955
