Coefficient,Value
FP_c_gapH,-0.273972797621678
FP_c_gapF,-0.162191962394322
FP_s_gapH,0.111190557934769
