Row,Loss_RAMSEY
Union,0.0989714360438218
Home,0.1042402132955
Foreign,0.0966145015262183
