Row,Loss_RAMSEY
Union,0.0334586929642322
Home,0.0557662837011972
Foreign,0.0115570596681493
