Coefficient,Value
FP_c_gapH,-0.389556041736552
FP_c_gapF,0.661480297030262
FP_s_gapH,-2.50756614928243
