Coefficient,Value
FP_nx_gapH,0.00164907505515019
FP_nx_gapF_starr,-0.73175405426276
