Coefficient,Value
FP_c_gapH,4.26131720835149
FP_y_gapRH,9.9999393975848
