Coefficient,Value
FP_c_gapH,5.29622979369116
FP_y_gapRH,9.99997711395492
