Coefficient,Value
FP_c_gapH,-0.23668213126307
FP_c_gapF,1.31395023748253
FP_s_gapH,-2.18414576679764
