Row,Loss_RAMSEY,Loss_OSR,CEV
Union,0.0324034590507859,0.128788937182952,1.85122641037692
Home,0.0532537764278246,0.0334028109507534,-0.840126243996355
Foreign,0.011995394499398,0.228741283196307,2.77606204667713
