Coefficient,Value
FP_y_gapH,2.88650269029852
FP_pieH,-0.534397214042497
FP_y_gapF_starr,0.41838175700214
FP_pieF_starr,0.0341554284389393
