Coefficient,Value
FP_c_gapCU,-1.25147103359212
FP_s_gapH,-1.29022361801436
