Coefficient,Value
FP_y_gapH,-10
FP_y_gapF,-3.01069358065682
FP_pieH,-3.70440340841113
FP_pieF,0.305296229470865
