Coefficient,Value
FP_c_gapH,-0.416433860748691
FP_s_gapH,-1.75348546289071
