Coefficient,Value
FP_c_gapH,-0.451071918704681
FP_c_gapF,2.55202072617916
FP_s_gapH,-5.61946509534645
