Row,Loss_RAMSEY,Loss_OSR,CEV
Union,0.0954732006005937,0.221999894050397,2.12102024465002
Home,0.0960486996761056,0.0201349073396165,-1.64291115427857
Foreign,0.096048699676093,0.423837556159287,3.41390024710451
