Coefficient,Value
FP_c_gapH,-6.58437148629672
FP_y_gapRH,-1.70994483972919
FP_c_gapF_starr,-4.35818885800781
FP_y_gapRF_starr,-0.593728534056783
