Coefficient,Value
FP_c_gapCU,-3.99337836606318
FP_s_gapH,0.885604489758122
