Row,Loss_RAMSEY
Union,0.0954732006005937
Home,0.0960486996761056
Foreign,0.096048699676093
