Row,Loss_RAMSEY,Loss_OSR,CEV
Union,0.0198345344553399,0.0975916830733908,1.66273828894709
Home,0.0333106663032134,0.00370683081853034,-1.02595361358746
Foreign,0.00650391402505754,0.191514056238412,2.56478817640135
