Coefficient,Value
FP_c_gapH,5.85923157948831
FP_y_gapRH,4.05873930436265
FP_c_gapF_starr,-4.42345912462787
FP_y_gapRF_starr,-0.608991621816237
