Coefficient,Value
FP_c_gapH,-0.202961757187993
FP_c_gapF,4.07435482679791
FP_s_gapH,-8.84636029561071
