Row,Loss_RAMSEY,Loss_OSR,CEV
Union,0.0740344682069976,0.212695907614264,2.2204018807996
Home,0.0775978287413654,0.00487485592651661,-1.6080129663916
Foreign,0.0723665641642878,0.4214460599136,3.52302645525406
