Row,Loss_RAMSEY,Loss_OSR,CEV
Union,0.0740344682073349,0.212695907614143,2.22040188079592
Home,0.0775978287417086,0.00487485592652137,-1.60801296639534
Foreign,0.072366564164625,0.421446059913352,3.52302645525111
