Coefficient,Value
FP_c_gapH,-0.854239076126006
FP_s_gapH,-1.1064237564349
