Row,Loss_RAMSEY,Loss_OSR,CEV
Union,0.0278191079679426,0.0829416635664039,1.39996895963635
Home,0.0236113423974723,0.00327802975095453,-0.850271855015644
Foreign,0.0408098612586035,0.321965009772547,3.16174437656146
