Row,Loss_RAMSEY,Loss_OSR,CEV
Union,0.0278191079679426,0.0840339914632063,1.41377205134524
Home,0.0236113423974723,0.00306753174398038,-0.854661688045654
Foreign,0.0408098612586035,0.326996109561721,3.18990768687395
