Row,Loss_RAMSEY
Union,0.0737508224734089
Home,0.0765586152938562
Foreign,0.0719662498549357
