Row,Loss_RAMSEY
Union,0.0716164506969753
Home,0.0735967500886688
Foreign,0.0709552270712046
