Coefficient,Value
FP_c_gapH,-0.403040422458363
FP_c_gapF,3.04352889795089
FP_s_gapH,-9.89416511511475
