Coefficient,Value
FP_c_gapH,9.3499260838494
FP_s_gapH,9.14447968042779
FP_c_gapF_starr,-3.39204456809583
FP_s_gapF_starr,-9.9999985761397
