Coefficient,Value
FP_y_gapH,2.6634585918878
FP_pieH,-0.960688691333557
FP_y_gapF_starr,0.76549275708636
FP_pieF_starr,-0.215001211492721
