Coefficient,Value
FP_c_gapH,-0.20474883332779
FP_s_gapH,-0.351450507493715
FP_c_gapF_starr,-0.29805372127249
FP_s_gapF_starr,-0.523614843968076
