Coefficient,Value
FP_c_gapH,-0.2190768260889
FP_s_gapH,-1.29935618576507
