Coefficient,Value
FP_c_gapH,-0.22110116394339
FP_c_gapF,-0.757734852735068
FP_s_gapH,0.476934361871696
