Coefficient,Value
FP_c_gapH,-1.75694199408782
FP_s_gapH,-0.607421333897488
