Coefficient,Value
FP_c_gapH,-3.63169462475018
FP_s_gapH,-0.459681304843722
