Coefficient,Value
FP_y_gapH,3.98344885254175
FP_pieH,-0.626039604005895
FP_y_gapF_starr,0.112089967811016
FP_pieF_starr,0.129074818458523
