Coefficient,Value
FP_c_gapCU,-0.931230167057433
FP_s_gapH,-1.44136295657814
