Coefficient,Value
FP_y_gapH,5.67118487089335
FP_y_gapF,5.60939086694841
FP_pieH,1.86608048868699
FP_pieF,-5.97727848471084
