Coefficient,Value
FP_c_gapH,-0.133030608426778
FP_c_gapF,0.687355985182303
FP_s_gapH,-3.27569121797465
