Coefficient,Value
FP_y_gapH,1.69383566616843
FP_pieH,-0.616535461358365
FP_y_gapF_starr,1.30057705851589
FP_pieF_starr,-0.33346179257162
