Coefficient,Value
FP_y_gapH,1.39859680447068
FP_pieH,-0.532375296430476
FP_y_gapF_starr,1.40044418179305
FP_pieF_starr,-0.532238972287005
