Coefficient,Value
FP_c_gapH,-1.31113437803435
FP_s_gapH,-1.51978657047447
