Coefficient,Value
FP_c_gapH,-0.238812839373135
FP_c_gapF,1.61908685571897
FP_s_gapH,-5.73959680663552
