Coefficient,Value
FP_c_gapH,4.90333511736809
FP_y_gapRH,9.99998676188724
