Coefficient,Value
FP_c_gapH,-1.29167857021119
FP_s_gapH,-0.153756813019645
