Coefficient,Value
FP_y_gapH,-9.73570557840187
FP_y_gapF,-3.90794662385637
FP_pieH,-6.51273817471173
FP_pieF,6.57729130539831
