Coefficient,Value
FP_c_gapH,0.0579272049731484
FP_c_gapF,3.27354158546964
FP_s_gapH,-7.90925951554514
