Row,Loss_RAMSEY
Union,0.0711577289704648
Home,0.0718872507341088
Foreign,0.0718872507341084
