Coefficient,Value
FP_c_gapH,-0.238754573231108
FP_s_gapH,-0.275434074222941
