Coefficient,Value
FP_c_gapH,-1.36523541254986
FP_s_gapH,-0.553945029430156
