Coefficient,Value
FP_c_gapH,-0.420094494875372
FP_c_gapF,0.772443979915297
FP_s_gapH,-1.15484212625133
