Coefficient,Value
FP_c_gapH,-0.378389603844829
FP_c_gapF,4.73255290009801
FP_s_gapH,-7.2136699584895
