Row,Loss_RAMSEY,Loss_OSR,CEV
Union,0.0989714360438218,0.301458092326173,2.6831931642552
Home,0.1042402132955,0.00699237628322783,-1.85948941151797
Foreign,0.0966145015262183,0.597329650463839,4.21938446880109
