Row,Loss_RAMSEY,Loss_OSR,CEV
Union,0.0989714360438218,0.297580420422234,2.65737704850086
Home,0.1042402132955,0.00735194416304992,-1.85604855427342
Foreign,0.0966145015262183,0.589452646873558,4.18606426811561
