Coefficient,Value
FP_c_gapH,-1.16815676841442
FP_s_gapH,-0.843816333955034
