Coefficient,Value
FP_c_gapH,-0.420546321019929
FP_s_gapH,0.468883518659948
