Coefficient,Value
FP_c_gapH,4.61140283338091
FP_y_gapRH,9.99999961575504
