Coefficient,Value
FP_c_gapCU,-2.23237237614817
FP_s_gapH,0.58404070368159
