Row,Loss_RAMSEY,Loss_OSR,CEV
Union,0.0954732006007011,0.124098930503811,1.00886259217415
Home,0.0960486996762098,0.123894795672892,0.995029352941595
Foreign,0.0960486996762041,0.123869239504121,0.99457264663625
