Row,Loss_RAMSEY,Loss_OSR,CEV
Union,0.0954732006005937,0.124098930503756,1.00886259217507
Home,0.0960486996761056,0.123894795672742,0.99502935294077
Foreign,0.096048699676093,0.123869239504158,0.994572646638909
