Coefficient,Value
FP_y_gapH,1.04005966930378
FP_pieH,-0.251362720511134
FP_y_gapF_starr,1.03991400205893
FP_pieF_starr,-0.251330241741914
