Coefficient,Value
FP_c_gapH,-0.424042512328582
FP_c_gapF,-1.47711339862577
FP_s_gapH,4.64485833293352
