Row,Loss_RAMSEY,Loss_OSR,CEV
Union,0.0376977494172125,0.107776128606443,1.57850426179531
Home,0.0317659478552458,0.00407279802831696,-0.992292964390907
Foreign,0.0563159999481484,0.418973810593652,3.59089124508977
