Coefficient,Value
FP_c_gapH,-0.97525521534472
FP_s_gapH,-4.64546920274116
