Coefficient,Value
FP_c_H_gapH,-0.441912606087954
FP_c_H_gapF,0.218750939153278
FP_c_F_gapH_starr,-0.182578295866549
FP_c_F_gapF_starr,-0.0416435065516515
