Row,Loss_RAMSEY
Union,0.019256357215144
Home,0.0319906043135027
Foreign,0.00694661501027978
