Row,Loss_RAMSEY,Loss_OSR,CEV
Union,0.0601095106742511,0.142963673500155,1.71636994536885
Home,0.0625990304830158,0.032162449096083,-1.04028340389736
Foreign,0.058600103703765,0.25404090740456,2.63609680281397
