Coefficient,Value
FP_y_gapH,-9.77824332508745
FP_y_gapF,-3.25941439195025
FP_pieH,2.19073349096601
FP_pieF,0.730245268063021
