Coefficient,Value
FP_y_gapH,6.34868551306709
FP_pieH,-3.27170136622794
