Coefficient,Value
FP_c_gapH,-0.412251648987398
FP_s_gapH,-0.926376229602838
