Row,Loss_RAMSEY
Union,0.0245768377688286
Home,0.0411362146347969
Foreign,0.00816658637814063
