Row,Loss_RAMSEY
Union,0.0245768377688378
Home,0.0411362146348096
Foreign,0.00816658637814621
