Coefficient,Value
FP_y_gapH,4.40627211335195
FP_pieH,-0.722223973087691
FP_y_gapF_starr,0.120551886560404
FP_pieF_starr,0.123337715467539
