Coefficient,Value
FP_y_gapH,5.71552042654639
FP_y_gapF,5.67954742702617
FP_pieH,-6.85253385728557
FP_pieF,-6.64553528426861
