Coefficient,Value
FP_c_gapH,-0.38951934593029
FP_c_gapF,2.97029620735118
FP_s_gapH,-7.35607804627234
