Coefficient,Value
FP_c_gapH,-1.09973328817612
FP_s_gapH,-1.04445507606443
