Coefficient,Value
FP_c_gapH,-0.238633731914286
FP_c_gapF,2.2420577377204
FP_s_gapH,-6.44903672693583
