Coefficient,Value
FP_c_gapH,-1.46401263872133
FP_s_gapH,-0.743294807931073
