Row,Loss_RAMSEY,Loss_OSR,CEV
Union,0.0265300641099857,0.0359387524806808,0.578386671759609
Home,0.0220962348329405,0.0270641319026263,0.420281263269606
Foreign,0.0406434674016787,0.0628476166378863,0.888527355646312
