Coefficient,Value
FP_y_gapH,2.91118713813336
FP_pieH,-0.835620697210224
FP_y_gapF_starr,0.552918759567514
FP_pieF_starr,0.040472693268902
