Coefficient,Value
FP_y_gapH,2.91189387410431
FP_pieH,-0.835409232756125
FP_y_gapF_starr,0.552627993729391
FP_pieF_starr,0.0404951057426202
