Row,Loss_RAMSEY,Loss_OSR,CEV
Union,0.0716049004504423,0.093075166270443,0.8737203380691
Home,0.0244153772736924,0.0310787855700283,0.486745502156641
Foreign,0.214899967207208,0.278413792900548,1.50275392462819
