Coefficient,Value
FP_y_gapH,1.03988094379128
FP_pieH,-0.25141906048302
FP_y_gapF_starr,1.04002220931975
FP_pieF_starr,-0.251418599179896
