Coefficient,Value
FP_y_gapH,1.02708330269832
FP_pieH,-0.253349091987318
FP_y_gapF_starr,1.04428806030072
FP_pieF_starr,-0.250745197297766
