Row,Loss_RAMSEY
Union,0.0191872283375722
Home,0.0318760147804129
Foreign,0.00710884488230324
