Coefficient,Value
FP_y_gapH,2.50333503187273
FP_pieH,-0.452249513937436
FP_y_gapF_starr,-0.0296295727645082
FP_pieF_starr,0.183760873361006
