Coefficient,Value
FP_c_gapH,-1.24658337306351
FP_s_gapH,-0.586013006674567
