Coefficient,Value
FP_y_gapH,6.26334941935965
FP_pieH,-2.41935503707115
