Row,Loss_RAMSEY,Loss_OSR,CEV
Union,0.0245768377688378,0.0711551418419954,1.2869022799563
Home,0.0411362146348096,0.0132392519893213,-0.995937751655653
Foreign,0.00816658637814621,0.129104945411763,2.07365149999162
