Coefficient,Value
FP_c_gapH,-0.253598176511716
FP_s_gapH,-2.67017141789297
