Row,Loss_RAMSEY,Loss_OSR,CEV
Union,0.0334586929642322,0.227472896946329,2.62645822511083
Home,0.0557662837011972,0.00464916399153368,-1.34814598233163
Foreign,0.0115570596681493,0.451135443451611,3.95341038163687
