Row,Loss_RAMSEY,Loss_OSR,CEV
Union,0.0334586929642409,0.2310678457311,2.65067976366221
Home,0.0557662837012105,0.00439158802200177,-1.35153832589826
Foreign,0.0115570596681536,0.458392793547304,3.98591178529425
