Row,Loss_RAMSEY,Loss_OSR,CEV
Union,0.0334586929642322,0.231067845731466,2.65067976366472
Home,0.0557662837011972,0.00439158802200677,-1.35153832589802
Foreign,0.0115570596681493,0.458392793548038,3.98591178529754
