Coefficient,Value
FP_c_gapH,-0.490195425922959
FP_s_gapH,-0.665870752697421
