Coefficient,Value
FP_c_gapH,-0.482148692010082
FP_s_gapH,-0.670698808409981
