Row,Loss_RAMSEY
Union,0.0533682967278359
Home,0.0182959737707
Foreign,0.160773830890175
