Row,Loss_RAMSEY,Loss_OSR,CEV
Union,0.0334586929642322,0.170917082976732,2.21074861136825
Home,0.0557662837011972,0.00649598287461626,-1.32356825221763
Foreign,0.0115570596681493,0.335541783333511,3.39403253393881
