Row,Loss_RAMSEY,Loss_OSR,CEV
Union,0.0334586929642322,0.171578558062033,2.21606149210952
Home,0.0557662837011972,0.00648650421309605,-1.32369556067651
Foreign,0.0115570596681493,0.336787551216507,3.40055154505975
