Row,Loss_RAMSEY,Loss_OSR,CEV
Union,0.0564706869073024,0.0816942388808804,0.947014996452008
Home,0.0201451264344357,0.0269978236754409,0.493610633453091
Foreign,0.166658433116651,0.24584997219199,1.67800451939891
