Coefficient,Value
FP_y_gapH,3.59661672768977
FP_y_gapF,3.01380622770186
FP_pieH,0.372755583544444
FP_pieF,-5.32771602382717
