Row,Loss_RAMSEY
Union,0.0334586929642409
Home,0.0557662837012105
Foreign,0.0115570596681536
