Row,Loss_RAMSEY,Loss_OSR,CEV
Union,0.0245768377688378,0.0322102198366568,0.520969423468519
Home,0.0411362146348096,0.0453349439722832,0.386378252779946
Foreign,0.00816658637814621,0.0193035526567844,0.629270230696217
