Row,Loss_RAMSEY,Loss_OSR,CEV
Union,0.0245768377688378,0.0319092057151559,0.510594179235416
Home,0.0411362146348096,0.0462384760143504,0.42592691619482
Foreign,0.00816658637814621,0.0177339556448112,0.583243627896114
