Coefficient,Value
FP_y_gapH,2.37182818097078
FP_pieH,-0.218646829787316
