Coefficient,Value
FP_y_gapH,2.23476377064765
FP_pieH,-0.165352221137235
