Coefficient,Value
FP_y_gapH,-4.29261595103689
FP_y_gapF,10
FP_pieH,1.22767882729436
FP_pieF,-6.1156016771621
