Row,Loss_RAMSEY,Loss_OSR,CEV
Union,0.0564706869073024,0.108993719822083,1.36655977357295
Home,0.0201451264344357,0.00487488682317999,-0.736845881337914
Foreign,0.166658433116651,0.421431177763173,3.00974857360557
