Row,Loss_RAMSEY,Loss_OSR,CEV
Union,0.0564706869073024,0.108178506190525,1.35591306549544
Home,0.0201451264344357,0.00518058739706051,-0.729432998367001
Foreign,0.166658433116651,0.417215489703924,2.98474376543871
