Coefficient,Value
FP_y_gapH,4.09921460395428
FP_y_gapF,5.50159875261034
FP_pieH,-1.62993465458498
FP_pieF,3.04962683894881
