Coefficient,Value
FP_y_gapH,-4.45384384299494
FP_y_gapF,-3.29512187379308
FP_pieH,0.524111739739811
FP_pieF,-1.14704798809092
