Row,Loss_RAMSEY,Loss_OSR,CEV
Union,0.0737508224734089,0.103962109534697,1.03642611676495
Home,0.0765586152938562,0.106811775865713,1.03714412279287
Foreign,0.0719662498549357,0.101205761386737,1.01962104562738
