Coefficient,Value
FP_y_gapH,2.47996815644073
FP_pieH,-1.15654001553267
