Coefficient,Value
FP_y_gapH,2.68948635966238
FP_pieH,-1.34247020269037
