Coefficient,Value
FP_y_gapH,7.28817722252399
FP_y_gapF,2.68797026033573
FP_pieH,1.54835461034409
FP_pieF,-4.74538681595379
