Coefficient,Value
FP_c_gapH,-8.95016074457729
FP_y_gapRH,-2.75677141232728
FP_c_gapF_starr,-1.63449977318275
FP_y_gapRF_starr,0.93024654192528
