Coefficient,Value
FP_y_gapH,3.0223851275043
FP_pieH,-0.733685765995587
