Row,Loss_RAMSEY
Union,0.0265300641099857
Home,0.0220962348329405
Foreign,0.0406434674016787
