Coefficient,Value
FP_y_gapH,-5.98081709926557
FP_y_gapF,10
FP_pieH,0.782625931637094
FP_pieF,-4.42944001747785
