Coefficient,Value
FP_c_gapH,-9.34867975257305
FP_y_gapRH,-3.07340092171706
FP_c_gapF_starr,-5.84689530099927
FP_y_gapRF_starr,-1.30701776266452
