Coefficient,Value
FP_c_gapH,-2.9763613023569
FP_s_gapH,-1.11409215274065
FP_c_gapF_starr,0.0597591084078419
FP_s_gapF_starr,0.519800737851999
