Row,Loss_RAMSEY,Loss_OSR,CEV
Union,0.0954732006005937,0.169557767735605,1.62299659352021
Home,0.0960486996761056,0.0297536877980728,-1.53530322017692
Foreign,0.096048699676093,0.310822849613526,2.7634062712525
