Row,Loss_RAMSEY,Loss_OSR,CEV
Union,0.0198345344553399,0.130447209067762,1.98315281744261
Home,0.0333106663032134,0.00240070758592695,-1.04834190720032
Foreign,0.00650391402505754,0.25876652808995,2.9948852046404
