Coefficient,Value
FP_c_gapH,-4.9148787233229
FP_s_gapH,-9.97619316616609
FP_c_gapF_starr,4.36990801664074
FP_s_gapF_starr,8.94725241340768
