Row,Loss_RAMSEY,Loss_OSR,CEV
Union,0.0737508224734089,0.183077852818448,1.97159410152216
Home,0.0765586152938562,0.0415107705371714,-1.11630891394309
Foreign,0.0719662498549357,0.324763389210399,2.9980564925696
