Row,Loss_RAMSEY,Loss_OSR,CEV
Union,0.0737508224734089,0.184670834130657,1.98590599895921
Home,0.0765586152938562,0.0404162381658854,-1.13360588296083
Foreign,0.0719662498549357,0.329022815787658,3.02320839687595
