Coefficient,Value
FP_y_gapH,-9.99932650647655
FP_y_gapF,-9.99932669144856
FP_pieH,-4.19372843173612
FP_pieF,-4.19372657073181
