Coefficient,Value
FP_y_gapH,-5.50740869875961
FP_y_gapF,10
FP_pieH,-0.594655208741451
FP_pieF,-6.12661316047911
