Row,Loss_RAMSEY,Loss_OSR,CEV
Union,0.0533682967279435,0.0708290285940512,0.787925137247221
Home,0.0182959737707373,0.0237596467488512,0.440753818033057
Foreign,0.160773830890495,0.212750296903401,1.35943080916364
