Coefficient,Value
FP_y_gapH,1.24019166747288
FP_pieH,-0.406710913229172
FP_y_gapF_starr,1.23991509948621
FP_pieF_starr,-0.406662672164042
