Coefficient,Value
FP_y_gapH,1.23986311761992
FP_pieH,-0.406880777221842
FP_y_gapF_starr,1.24002460116209
FP_pieF_starr,-0.406617099900823
