Row,Loss_RAMSEY,Loss_OSR,CEV
Union,0.0564706869073024,0.090469990477242,1.09948357283371
Home,0.0201451264344357,0.000659977749445097,-0.832349257570069
Foreign,0.166658433116651,0.359958443125243,2.62161958429326
