Coefficient,Value
FP_y_gapH,-9.28980904340987
FP_y_gapF,-2.83037766604877
FP_pieH,-9.65385866193649
FP_pieF,-1.39811357834075
