Coefficient,Value
FP_y_gapH,-4.37552618822016
FP_y_gapF,-1.13581095334762
FP_pieH,0.374185487767017
FP_pieF,-0.370263016204884
