Coefficient,Value
FP_c_gapH,0.200330376273902
FP_s_gapH,-1.97660554888314
