Coefficient,Value
FP_y_gapH,-8.03838261629446
FP_y_gapF,-9.35852632381962
FP_pieH,-8.88800603172164
FP_pieF,4.12266458648577
