Row,Loss_RAMSEY
Union,0.0988802530744979
Home,0.10271221483631
Foreign,0.096500690698168
