Coefficient,Value
FP_y_gapH,7.72429870244911
FP_y_gapF,3.89469297300905
FP_pieH,-3.1310850811
FP_pieF,2.07241634336769
