Coefficient,Value
FP_c_H_gapH,-1.91421574570479
FP_c_H_gapF,1.27788866511627
FP_c_F_gapH_starr,2.74344889842342
FP_c_F_gapF_starr,-1.87160842565957
