Row,Loss_RAMSEY,Loss_OSR,CEV
Union,0.0245967317759618,0.103104218143312,1.67074153987424
Home,0.0411552241135068,0.0291724496170998,-0.65272827755253
Foreign,0.0082477978752463,0.180778562791019,2.47677758327333
