Row,Loss_RAMSEY,Loss_OSR,CEV
Union,0.0245967317759618,0.0994522902406648,1.63141992375779
Home,0.0411552241135068,0.0308361166868165,-0.60572402741961
Foreign,0.0082477978752463,0.172566083701549,2.41711148698002
