Coefficient,Value
FP_y_gapH,4.91338721719719
FP_pieH,-0.953957960636614
