Coefficient,Value
FP_y_gapH,5.52491160474388
FP_pieH,-1.35713339291432
