Row,Loss_RAMSEY
Union,0.0601095106742511
Home,0.0625990304830158
Foreign,0.058600103703765
