Coefficient,Value
FP_c_gapH,-1.26326334838672
FP_s_gapH,-1.00416769920907
