Coefficient,Value
FP_c_gapH,-1.45524354266098
FP_s_gapH,-0.521880359517658
