Row,Loss_RAMSEY
Union,0.0460411261738507
Home,0.0164699310734814
Foreign,0.135326007970035
