Coefficient,Value
FP_c_gapH,-0.132309794301276
FP_s_gapH,-1.583489234833
