Row,Loss_RAMSEY,Loss_OSR,CEV
Union,0.0737508224734089,0.145825811167808,1.60083299087998
Home,0.0765586152938562,0.0229264600130107,-1.38091313146493
Foreign,0.0719662498549357,0.269941484343757,2.65313389192695
