Coefficient,Value
FP_y_gapH,-9.99995899366229
FP_y_gapF,-10
FP_pieH,-4.19412362139466
FP_pieF,-4.19371397178073
