Row,Loss_RAMSEY
Union,0.0740344682073349
Home,0.0775978287417086
Foreign,0.072366564164625
