Row,Loss_RAMSEY
Union,0.0740344682069976
Home,0.0775978287413654
Foreign,0.0723665641642878
