Coefficient,Value
FP_c_gapH,-0.133032651765965
FP_s_gapH,-2.00408302508028
