Coefficient,Value
FP_c_gapCU,-1.23592242848313
FP_s_gapH,0.470727904838695
FP_c_gapCU_starr,-1.10692934717346
FP_s_gapF_starr,-0.856635442476769
