Row,Loss_RAMSEY,Loss_OSR,CEV
Union,0.0604184975711061,0.108619876576808,1.30913208237047
Home,0.0633524464351289,0.0213305176041668,-1.22233916123999
Foreign,0.0591984115149348,0.195962131858983,2.20515533617867
