Row,Loss_RAMSEY
Union,0.0278191079679426
Home,0.0236113423974723
Foreign,0.0408098612586035
