Row,Loss_RAMSEY
Union,0.0267875920184226
Home,0.02250497715442
Foreign,0.0402864674871991
