Coefficient,Value
FP_c_gapH,0.181553044313355
FP_s_gapH,-1.60306038311453
