Coefficient,Value
FP_c_gapH,-0.294261273450385
FP_c_gapF,1.4571352568917
FP_s_gapH,-2.9772663963545
