Row,Loss_RAMSEY
Union,0.0324034590507859
Home,0.0532537764278246
Foreign,0.011995394499398
