Row,Loss_RAMSEY,Loss_OSR,CEV
Union,0.0533682967279435,0.0708290529058913,0.787925685789614
Home,0.0182959737707373,0.023755773205471,0.440597551200485
Foreign,0.160773830890495,0.212761996035752,1.35958379442151
