Coefficient,Value
FP_y_gapH,1.24039121171094
FP_pieH,-0.406549016775363
FP_y_gapF_starr,1.23984854347363
FP_pieF_starr,-0.406722419381462
