Coefficient,Value
FP_y_gapH,1.23980645341204
FP_pieH,-0.406461864598887
FP_y_gapF_starr,1.24004349162792
FP_pieF_starr,-0.406944667595206
