Coefficient,Value
FP_c_gapH,3.47438229505879
FP_y_gapRH,8.9596129569478
