Coefficient,Value
FP_c_gapH,-9.06046654409444
FP_s_gapH,-9.54208678508534
FP_c_gapF_starr,2.68314891897632
FP_s_gapF_starr,8.53390077647673
