Coefficient,Value
FP_c_gapH,-1.47515670817659
FP_s_gapH,-0.948999707485307
