Coefficient,Value
FP_c_gapCU,-1.96546480925273
FP_s_gapH,-0.11070511665067
