Coefficient,Value
FP_c_gapH,-0.440174255275839
FP_s_gapH,0.63030362768151
