Coefficient,Value
FP_c_gapH,4.84485817673115
FP_y_gapRH,4.07271053907021
FP_c_gapF_starr,0.990148519112736
FP_y_gapRF_starr,2.13361416401086
