Row,Loss_RAMSEY,Loss_OSR,CEV
Union,0.0604184975711061,0.0952620946538218,1.11305141472885
Home,0.0633524464351289,0.040578345740997,-0.899858768061981
Foreign,0.0591984115149348,0.153187145019919,1.82806499767726
