Coefficient,Value
FP_y_gapH,5.59992868041318
FP_pieH,-2.02550096889775
