Coefficient,Value
FP_y_gapH,6.34828289193543
FP_pieH,-2.65404690571499
