Coefficient,Value
FP_c_gapH,0.345450435661998
FP_s_gapH,0.789945505165131
FP_c_gapF_starr,-0.83158231198079
FP_s_gapF_starr,-1.86686316543009
