Coefficient,Value
FP_c_gapH,-1.31107259907811
FP_s_gapH,-1.51976346035595
