Coefficient,Value
FP_c_gapH,6.95033417276341
FP_s_gapH,3.16697474347744
FP_c_gapF_starr,-0.255779560894745
FP_s_gapF_starr,-0.640667198794731
