Row,Loss_RAMSEY,Loss_OSR,CEV
Union,0.0757141853529912,0.113683661257848,1.16190611064339
Home,0.0270928185891224,0.0376937277992429,0.613939098249852
Foreign,0.223956755880145,0.341878403731915,2.04762538111742
