Coefficient,Value
FP_c_gapH,-0.854225349813314
FP_s_gapH,-1.10642717468023
