Coefficient,Value
FP_c_gapH,-0.22440768601856
FP_c_gapF,0.634830831131689
FP_s_gapH,-4.06791711961176
