Coefficient,Value
FP_c_gapCU,-1.28931512210525
FP_s_gapH,-1.62735855738783
