Row,Loss_RAMSEY,Loss_OSR,CEV
Union,0.0267875920184226,0.0639679696740174,1.14976909999793
Home,0.02250497715442,0.00465445204849312,-0.796671410996794
Foreign,0.0402864674871991,0.24198121547577,2.67794115270881
