Row,Loss_RAMSEY,Loss_OSR,CEV
Union,0.0278191079679426,0.0637471770035823,1.13023999867308
Home,0.0236113423974723,0.0046634318216295,-0.820794424409107
Foreign,0.0408098612586035,0.241043392726246,2.66822308890821
