Row,Loss_RAMSEY,Loss_OSR,CEV
Union,0.0740344682069976,0.0983215057160486,0.929268051443136
Home,0.0775978287413654,0.109802809725257,1.07007756286093
Foreign,0.0723665641642878,0.0884795395828398,0.756905405357649
