Row,Loss_RAMSEY,Loss_OSR,CEV
Union,0.0740344682073349,0.0983215057160467,0.929268051436648
Home,0.0775978287417086,0.109802809725948,1.0700775628667
Foreign,0.072366564164625,0.0884795395821643,0.756905405333864
