Row,Loss_RAMSEY,Loss_OSR,CEV
Union,0.0740344682073349,0.100545769092323,0.970888269300972
Home,0.0775978287417086,0.109969715223574,1.07284687082738
Foreign,0.072366564164625,0.0922630783696483,0.841089541118308
