Coefficient,Value
FP_y_gapH,4.95993649119192
FP_pieH,-2.05397737333178
