Coefficient,Value
FP_y_gapH,5.56530441162745
FP_pieH,-2.55192929103099
