Row,Loss_RAMSEY,Loss_OSR,CEV
Union,0.0961941580492687,0.13663146659991,1.19907087809249
Home,0.0987035218560711,0.142959406833206,1.25440925417696
Foreign,0.0950222893123339,0.130264427195185,1.119398852684
