Row,Loss_RAMSEY,Loss_OSR,CEV
Union,0.0988802530743557,0.139754744512888,1.20553525504143
Home,0.10271221483616,0.145772749202834,1.23735250511977
Foreign,0.0965006906980306,0.133757870514841,1.15095600559706
