Coefficient,Value
FP_y_gapH,2.23957473201473
FP_pieH,-0.976993587682702
