Coefficient,Value
FP_y_gapH,2.07997335178142
FP_pieH,-0.825673689139484
