Coefficient,Value
FP_c_gapH,-0.221091628919824
FP_s_gapH,-1.62571770515212
