Coefficient,Value
FP_c_gapCU,-1.41032333766668
FP_s_gapH,-0.0474236979350316
