Coefficient,Value
FP_c_gapH,-1.44973366698255
FP_s_gapH,-1.32580107099368
FP_c_gapF_starr,0.0427354192421531
FP_s_gapF_starr,0.307881778980244
