Coefficient,Value
FP_c_gapH,-2.06163725965618
FP_s_gapH,-4.13797830136688
