Coefficient,Value
FP_c_gapH,-2.7044312349217
FP_y_gapRH,0.39295796856858
