Coefficient,Value
FP_c_gapH,-0.60851931145429
FP_s_gapH,-1.41889380681527
