Row,Loss_RAMSEY,Loss_OSR,CEV
Union,0.0198041824609524,0.0258421636452356,0.463339805586763
Home,0.0332949838506155,0.0379309664293821,0.405998689817989
Foreign,0.00643734833925217,0.0141885503460472,0.524974564693314
