Coefficient,Value
FP_y_gapH,2.48046739501075
FP_pieH,-0.233293962182247
