Coefficient,Value
FP_y_gapH,2.63451677476975
FP_pieH,-0.291884387407431
