Coefficient,Value
FP_c_gapH,-0.23869824714135
FP_s_gapH,-0.172284752214144
