Coefficient,Value
FP_c_gapH,4.21481594941634
FP_s_gapH,2.94758713401757
FP_c_gapF_starr,-1.72496095342141
FP_s_gapF_starr,-3.6196376199312
