Coefficient,Value
FP_y_gapH,3.16573309802226
FP_pieH,-1.25597139266513
FP_y_gapF_starr,0.811398673095889
FP_pieF_starr,-0.275575686805767
