Coefficient,Value
FP_y_gapH,-9.99978791872357
FP_y_gapF,-9.13575183549168
FP_pieH,-3.96373237706453
FP_pieF,4.19606240378058
