Coefficient,Value
FP_c_gapH,-0.192163017810664
FP_c_gapF,1.53265144862987
FP_s_gapH,-3.42210566332125
