Coefficient,Value
FP_c_gapH,-1.23655173741328
FP_s_gapH,-1.17773144464424
