Coefficient,Value
FP_c_gapH,-0.562172993827892
FP_s_gapH,-0.816805254675092
