Row,Loss_RAMSEY,Loss_OSR,CEV
Union,0.0225057490334118,0.0298023705864168,0.50934804701278
Home,0.0192275208615646,0.0225984634389826,0.346201871869538
Foreign,0.0324572352687419,0.0521472704188497,0.836713892958938
