Coefficient,Value
FP_y_gapH,5.11900892642987
FP_pieH,-1.15501259786494
