Coefficient,Value
FP_y_gapH,4.68953096999806
FP_pieH,-0.935720571797017
