Coefficient,Value
FP_y_gapH,-10
FP_y_gapF,-3.11485382962949
FP_pieH,-3.72794670459977
FP_pieF,1.09455323628278
