Row,Loss_RAMSEY,Loss_OSR,CEV
Union,0.0716049004504423,0.132900777613949,1.4762821430247
Home,0.0244153772736924,0.00638363050077684,-0.800705173049425
Foreign,0.214899967207208,0.512411232130337,3.25241115303369
