Coefficient,Value
FP_c_gapH,1.50155980831093
FP_y_gapRH,1.94129360343467
FP_c_gapF_starr,-0.412944132075534
FP_y_gapRF_starr,1.64079011724337
