Coefficient,Value
FP_y_gapH,1.39955508964534
FP_pieH,-0.532226726366162
FP_y_gapF_starr,1.40012459241071
FP_pieF_starr,-0.532148624632275
