Coefficient,Value
FP_y_gapH,-5.52769334794942
FP_y_gapF,9.99999579285892
FP_pieH,-1.78164148302951
FP_pieF,-8.95854620051228
