Row,Loss_RAMSEY,Loss_OSR,CEV
Union,0.0359394553721635,0.0479464699396182,0.653388149195791
Home,0.0296539002815495,0.0359969750256252,0.474901617659937
Foreign,0.0554708823125284,0.0836742118836074,1.00139155749194
