Coefficient,Value
FP_y_gapH,2.46247790264116
FP_pieH,-0.627266565439064
FP_y_gapF_starr,0.48031259686649
FP_pieF_starr,0.062174125482472
