Coefficient,Value
FP_y_gapH,2.45869338991559
FP_pieH,-0.628219500120478
FP_y_gapF_starr,0.48179980049306
FP_pieF_starr,0.0623375610456695
