Coefficient,Value
FP_y_gapH,-4.38997107242898
FP_y_gapF,9.99998853502459
FP_pieH,1.62558539655212
FP_pieF,-6.18915389141143
