Coefficient,Value
FP_c_gapH,-0.483665507866123
FP_s_gapH,-0.885908590314312
