Coefficient,Value
FP_c_gapCU,0.0566327992849509
FP_s_gapH,-1.53290276315974
