Coefficient,Value
FP_c_gapH,-0.403123354046483
FP_c_gapF,2.62541535929416
FP_s_gapH,-8.73407064826656
