Coefficient,Value
FP_c_gapH,-2.52287806882581
FP_y_gapRH,0.638400509411325
