Row,Loss_RAMSEY,Loss_OSR,CEV
Union,0.0245768377688378,0.0559657482150631,1.0564327471255
Home,0.0411362146348096,0.0240943888582394,-0.778416073296885
Foreign,0.00816658637814621,0.0879671163598878,1.6844441745361
