Row,Loss_RAMSEY,Loss_OSR,CEV
Union,0.0240553939317924,0.0550786184078904,1.05026091109418
Home,0.0399916168989562,0.0243793965434231,-0.745051117841409
Foreign,0.00834555193423124,0.0859523069642925,1.66112952233043
