Coefficient,Value
FP_y_gapH,2.46440755072036
FP_pieH,-0.470171805482784
