Coefficient,Value
FP_y_gapH,2.66925309561555
FP_pieH,-0.576388830627767
