Row,Loss_RAMSEY,Loss_OSR,CEV
Union,0.0278191079679426,0.0596111666544331,1.06319532958577
Home,0.0236113423974723,0.0084735230653527,-0.733644039199626
Foreign,0.0408098612586035,0.213175666956756,2.47559325826735
