Coefficient,Value
FP_y_gapH,4.91338672688565
FP_pieH,-1.56249480419469
