Coefficient,Value
FP_y_gapH,5.52491206958109
FP_pieH,-1.97906004073243
