Coefficient,Value
FP_c_gapH,-1.00000104940589
FP_s_gapH,-2.86297410459126
