Coefficient,Value
FP_c_gapH,-1.96169458415881
FP_s_gapH,-3.30879734154353
