Coefficient,Value
FP_c_gapH,-0.252265398616589
FP_s_gapH,-2.07243621337467
