Row,Loss_RAMSEY
Union,0.073750822473452
Home,0.0765586152939006
Foreign,0.071966249854978
