Row,Loss_RAMSEY,Loss_OSR,CEV
Union,0.0376977494172125,0.0490359116022555,0.634928858588265
Home,0.0317659478552458,0.0375207215776428,0.452342985793236
Foreign,0.0563159999481484,0.0834445732819292,0.982126008367667
