Row,Loss_RAMSEY,Loss_OSR,CEV
Union,0.0376977494172125,0.0499727595888246,0.660639694615579
Home,0.0317659478552458,0.0385581798355993,0.491428104124786
Foreign,0.0563159999481484,0.0841363480056241,0.994569218773873
