Coefficient,Value
FP_y_gapH,3.6832510723811
FP_pieH,-0.503716457148847
