Coefficient,Value
FP_y_gapH,3.99942536468496
FP_pieH,-0.670397822324996
