Coefficient,Value
FP_y_gapH,3.68325270395289
FP_pieH,-0.503739905754742
