Row,Loss_RAMSEY,Loss_OSR,CEV
Union,0.0737508224734089,0.230282717877626,2.35914783412592
Home,0.0765586152938562,0.090812922816019,0.711912791716957
Foreign,0.0719662498549357,0.370190330059034,3.25630509192571
