Coefficient,Value
FP_c_gapH,-1.23657428291851
FP_s_gapH,-1.17775048048874
