Row,Loss_RAMSEY,Loss_OSR,CEV
Union,0.0325271382953353,0.0718854120210033,1.18296461824678
Home,0.0533095757308209,0.0290757094709167,-0.928250277742985
Foreign,0.0119672785513557,0.114531138048551,1.90963740127405
