Coefficient,Value
FP_y_gapH,1.24128064201209
FP_pieH,-0.21875119573676
FP_y_gapF_starr,0.836694078479516
FP_pieF_starr,-0.0311074325613634
