Coefficient,Value
FP_c_gapCU,-1.98304102722171
FP_s_gapH,-0.122086321997209
