Coefficient,Value
FP_c_H_gapH,-0.247979741798753
FP_c_H_gapF,0.00966563426280589
FP_c_F_gapH_starr,-0.561731451297276
FP_c_F_gapF_starr,2.63004519198356
