Row,Loss_RAMSEY,Loss_OSR,CEV
Union,0.0716164506969753,0.0985126433541672,0.977910564548574
Home,0.0735967500886688,0.109475569677178,1.12946507832115
Foreign,0.0709552270712046,0.0878411959088702,0.774848374275251
