Row,Loss_RAMSEY,Loss_OSR,CEV
Union,0.0737508224734089,0.100231465739807,0.970326740229939
Home,0.0765586152938562,0.110817351103801,1.10367041473149
Foreign,0.0719662498549357,0.0898646484712728,0.797738996388326
