Coefficient,Value
FP_y_gapH,2.68948648445595
FP_pieH,-1.14375623895965
