Coefficient,Value
FP_y_gapH,2.47996826059583
FP_pieH,-0.960004778749237
