Coefficient,Value
FP_y_gapH,-7.77935792961678
FP_y_gapF,-9.28161462633953
FP_pieH,-7.45477902299826
FP_pieF,7.56629168039092
