Coefficient,Value
FP_y_gapH,-4.14955798618785
FP_y_gapF,-1.01387719234426
FP_pieH,1.28445430516483
FP_pieF,-3.02228146237619
