Row,Loss_RAMSEY,Loss_OSR,CEV
Union,0.0363396993400147,0.0784668015497806,1.22386785357485
Home,0.0302955206718733,0.0142004617479234,-0.7564844755449
Foreign,0.0553210679182619,0.271108104314686,2.76991479305082
