Coefficient,Value
FP_y_gapH,4.59762640714139
FP_pieH,-1.41330412674978
