Coefficient,Value
FP_y_gapH,4.12933045956498
FP_pieH,-1.07679194411284
