Coefficient,Value
FP_y_gapH,-6.45367695479937
FP_y_gapF,-4.60938249013098
FP_pieH,4.5497022078128
FP_pieF,-1.96733945548539
