Coefficient,Value
FP_c_gapH,-1.85020218007216
FP_s_gapH,-2.43907684760946
