Coefficient,Value
FP_c_gapH,-1.3506899229234
FP_s_gapH,-0.385464508645777
