Row,Loss_RAMSEY,Loss_OSR,CEV
Union,0.0989714360438218,0.154828299305154,1.40926285867731
Home,0.1042402132955,0.0744575099346887,-1.02904837784234
Foreign,0.0966145015262183,0.240733906713225,2.26367964115072
