Row,Loss_RAMSEY,Loss_OSR,CEV
Union,0.0989714360438218,0.148333221314864,1.32479647437859
Home,0.1042402132955,0.0749042968650193,-1.02130054656653
Foreign,0.0966145015262183,0.22800008313132,2.16136238191544
