Coefficient,Value
FP_y_gapH,4.63875145326353
FP_pieH,-1.35883908610597
