Coefficient,Value
FP_y_gapH,4.15994741791528
FP_pieH,-0.950339509765257
