Coefficient,Value
FP_y_gapH,-6.50867470768071
FP_y_gapF,-6.48792757921463
FP_pieH,6.63403070274237
FP_pieF,6.52172267120837
