Coefficient,Value
FP_c_gapCU,-3.83746948443668
FP_s_gapH,0.697169104909716
