Coefficient,Value
FP_c_gapH,-1.08859593572505
FP_s_gapH,-0.633010725379317
