Row,Loss_RAMSEY
Union,0.0539389971929173
Home,0.0189799822909558
Foreign,0.160663447410659
