Coefficient,Value
FP_c_gapH,-0.961569912954766
FP_s_gapH,-0.67151705710084
