Row,Loss_RAMSEY
Union,0.0579119614228241
Home,0.0590564887718828
Foreign,0.0590564887718897
