Coefficient,Value
FP_c_gapH,-0.410011152378413
FP_s_gapH,-0.713981305995263
