Coefficient,Value
FP_c_gapH,3.55156301806743
FP_s_gapH,-7.6143059250878
FP_c_gapF_starr,-0.548501522722397
FP_s_gapF_starr,-0.886869565650772
