Row,Loss_RAMSEY,Loss_OSR,CEV
Union,0.0363396993400147,0.0878289677784202,1.35304454637556
Home,0.0302955206718733,0.0135124935190291,-0.772482915230718
Foreign,0.0553210679182619,0.310755830409852,3.01365639856137
