Row,Loss_RAMSEY,Loss_OSR,CEV
Union,0.0711577289704525,0.0944369826786847,0.909783929576096
Home,0.0718872507340994,0.0946939038465049,0.900501650067572
Foreign,0.0718872507340943,0.0946561413447059,0.899755830791871
