Coefficient,Value
FP_y_gapH,1.24031245514725
FP_pieH,-0.406502890949344
FP_y_gapF_starr,1.23965611113262
FP_pieF_starr,-0.406384878077724
