Row,Loss_RAMSEY,Loss_OSR,CEV
Union,0.0363396993400147,0.180648597720733,2.26516733455536
Home,0.0302955206718733,0.0194173979520812,-0.621914541318756
Foreign,0.0553210679182619,0.664318495199779,4.65330440213172
