Coefficient,Value
FP_c_gapH,-0.413896643579893
FP_s_gapH,-1.11303523024293
