Row,Loss_RAMSEY
Union,0.0238933572694847
Home,0.0394199654521487
Foreign,0.00864210729299588
