Row,Loss_RAMSEY,Loss_OSR,CEV
Union,0.0245967317759618,0.122801039558966,1.86861144200004
Home,0.0411552241135068,0.00466343062061484,-1.13907242564219
Foreign,0.0082477978752463,0.241041927027442,2.87699923393769
