Row,Loss_RAMSEY,Loss_OSR,CEV
Union,0.0245967317759461,0.123281878290828,1.87318050636292
Home,0.0411552241134814,0.00465444938742272,-1.13921258928841
Foreign,0.00824779787524031,0.241978578952455,2.88278125629301
