Coefficient,Value
FP_c_gapH,-0.654170192519734
FP_c_gapF,2.94667881612494
FP_s_gapH,-4.67698468219635
