Row,Loss_RAMSEY,Loss_OSR,CEV
Union,0.0988802530743557,0.261535821330343,2.40485115829363
Home,0.10271221483616,0.0614971290880909,-1.21054750879198
Foreign,0.0965006906980306,0.461641680876929,3.60316399320325
