Row,Loss_RAMSEY,Loss_OSR,CEV
Union,0.0988802530743557,0.263047370860538,2.41599939504174
Home,0.10271221483616,0.0595215770238987,-1.23922036870515
Foreign,0.0965006906980306,0.466586464687388,3.62747919324141
