Coefficient,Value
FP_c_gapH,-5.65985614444649
FP_s_gapH,-4.43876350150742
