Coefficient,Value
FP_c_gapH,-0.236614268406036
FP_s_gapH,-0.550988578404747
