Coefficient,Value
FP_c_gapH,-0.622289100087719
FP_s_gapH,0.671225272123874
