Coefficient,Value
FP_c_gapH,-0.0172305430875808
FP_s_gapH,-0.012397238523664
FP_c_gapF_starr,-0.319818359138862
FP_s_gapF_starr,-0.870861021006627
