Coefficient,Value
FP_c_gapH,-1.16810812963219
FP_s_gapH,-0.843782969851738
