Coefficient,Value
FP_y_gapH,-4.20081726454057
FP_y_gapF,-3.74798978880446
FP_pieH,2.61169031756439
FP_pieF,-1.74421178206417
