Coefficient,Value
FP_c_gapH,-1.54970881667655
FP_s_gapH,-0.901935227145992
FP_c_gapF_starr,0.103249162603863
FP_s_gapF_starr,0.313935575648164
