Coefficient,Value
FP_c_gapH,4.51820012522648
FP_s_gapH,9.11952443063309
FP_c_gapF_starr,-4.92013858196349
FP_s_gapF_starr,-9.99997347822535
