Coefficient,Value
FP_c_gapH,-2.60688401478118
FP_y_gapRH,0.52422242549534
