Coefficient,Value
FP_c_gapH,-1.42159873569333
FP_s_gapH,-0.794221541661084
