Coefficient,Value
FP_y_gapH,-10
FP_y_gapF,-3.18504719262117
FP_pieH,-3.65038484144397
FP_pieF,1.96806372007202
