Coefficient,Value
FP_y_gapH,3.04941766692896
FP_pieH,-1.42725944379475
