Coefficient,Value
FP_c_gapH,6.2443392704599
FP_s_gapH,9.35396929764104
FP_c_gapF_starr,-6.64936585166673
FP_s_gapF_starr,-9.99997400312264
