Coefficient,Value
FP_c_gapH,-0.68241119079405
FP_c_gapF,3.80690387507779
FP_s_gapH,-7.72060885534967
