Row,Loss_RAMSEY,Loss_OSR,CEV
Union,0.0740344682073349,0.136624215019031,1.49178189423636
Home,0.0775978287417086,0.0269084719197645,-1.34249329330094
Foreign,0.072366564164625,0.246421359732724,2.4876926967639
