Row,Loss_RAMSEY,Loss_OSR,CEV
Union,0.0740344682073349,0.136387594571243,1.48895938443414
Home,0.0775978287417086,0.0269978536932792,-1.34130914555301
Foreign,0.072366564164625,0.245857988751332,2.48366342029373
