Coefficient,Value
FP_c_gapH,-0.850508535780682
FP_s_gapH,-0.704835445741187
