Coefficient,Value
FP_y_gapH,9.1491751558524
FP_y_gapF,3.63342109150179
FP_pieH,-8.81663271898768
FP_pieF,-2.31207836288647
