Row,Loss_RAMSEY,Loss_OSR,CEV
Union,0.0757141853529912,0.110802259711394,1.11694940672694
Home,0.0270928185891224,0.0519880132351638,0.940830737329354
Foreign,0.223956755880145,0.287368449172468,1.501545198696
