Row,Loss_RAMSEY,Loss_OSR,CEV
Union,0.0757141853529912,0.11193860158211,1.13489173214981
Home,0.0270928185891224,0.0502217580321505,0.906841932923079
Foreign,0.223956755880145,0.297269979523713,1.61452543994071
