Coefficient,Value
FP_y_gapH,4.15994924165756
FP_pieH,-1.90399483084665
