Coefficient,Value
FP_y_gapH,4.15994645748937
FP_pieH,-1.90393955100685
