Coefficient,Value
FP_y_gapH,4.61956986367466
FP_pieH,-2.30693245645261
