Coefficient,Value
FP_c_gapH,-0.288911545673426
FP_c_gapF,-1.56420569077789
FP_s_gapH,1.98147167335504
