Row,Loss_RAMSEY
Union,0.0711577289704525
Home,0.0718872507340994
Foreign,0.0718872507340943
