Coefficient,Value
FP_c_gapH,-1.00013654845389
FP_s_gapH,-2.86343968687801
