Coefficient,Value
FP_c_gapH,-1.54805080883046
FP_s_gapH,-3.48182384829254
FP_c_gapF_starr,1.06786754046051
FP_s_gapF_starr,2.40193192670418
