Coefficient,Value
FP_c_gapH,-0.183512860790611
FP_c_gapF,1.21835918799037
FP_s_gapH,-3.82370436233777
