Row,Loss_RAMSEY
Union,0.0716049004504423
Home,0.0244153772736924
Foreign,0.214899967207208
