Coefficient,Value
FP_c_gapCU,-1.95903399645478
FP_s_gapH,-1.3770799533125
