Coefficient,Value
FP_c_gapH,-1.48806876275224
FP_s_gapH,-1.14055382117329
FP_c_gapF_starr,0.0754298772794328
FP_s_gapF_starr,0.33807190074327
