Coefficient,Value
FP_c_gapH,9.746893665949
FP_s_gapH,9.10800369315304
FP_c_gapF_starr,-3.56426664291426
FP_s_gapF_starr,-9.99927816818725
