Row,Loss_RAMSEY,Loss_OSR,CEV
Union,0.0198345344553399,0.0278231122375218,0.532952456739105
Home,0.0333106663032134,0.0431491036143068,0.591448310839107
Foreign,0.00650391402505754,0.0158789969197203,0.577352821677629
