Coefficient,Value
FP_y_gapH,5.11901673957911
FP_pieH,-0.499056544220915
