Coefficient,Value
FP_y_gapH,4.68953435760941
FP_pieH,-0.335369722799977
