Coefficient,Value
FP_c_gapH,-0.264338567927724
FP_c_gapF,2.46062451442284
FP_s_gapH,-6.95473269300162
