Row,Loss_RAMSEY,Loss_OSR,CEV
Union,0.0711577289704525,0.0944391837669801,0.909826939275867
Home,0.0718872507340994,0.0946672847188577,0.899975979625299
Foreign,0.0718872507340943,0.0946863154643779,0.900351827138874
