Coefficient,Value
FP_y_gapH,1.23972790815788
FP_pieH,-0.406512336312631
FP_y_gapF_starr,1.24024061857489
FP_pieF_starr,-0.406964002147603
