Coefficient,Value
FP_c_gapH,9.92663908606495
FP_s_gapH,9.99018115719384
FP_c_gapF_starr,-0.270184072810539
FP_s_gapF_starr,-0.478540799886857
