Coefficient,Value
FP_c_gapH,-1.42724429138606
FP_s_gapH,-0.762022788878363
FP_c_gapF_starr,0.0718991207959751
FP_s_gapF_starr,0.165498843978677
