Coefficient,Value
FP_c_gapCU,-1.24584401875495
FP_s_gapH,0.367817932382809
FP_c_gapCU_starr,-1.10855593014626
FP_s_gapF_starr,-0.705289596451438
