Coefficient,Value
FP_c_gapH,0.912772146864234
FP_s_gapH,0.638821231707409
FP_c_gapF_starr,-0.624462549211247
FP_s_gapF_starr,-1.31062460444114
