Row,Loss_RAMSEY,Loss_OSR,CEV
Union,0.0334797428780357,0.115303576944097,1.70566464403305
Home,0.0557747435819048,0.024183605980029,-1.05983038646129
Foreign,0.0114278495159622,0.206492312503554,2.63355754648915
