Row,Loss_RAMSEY,Loss_OSR,CEV
Union,0.0334797428780357,0.116501553743058,1.71810552892833
Home,0.0557747435819048,0.0245211952589006,-1.05415239586448
Foreign,0.0114278495159622,0.208538662301487,2.64733534985586
