Coefficient,Value
FP_c_gapH,-1.68012544878108
FP_s_gapH,-3.52291375944729
FP_c_gapF_starr,1.15427689884728
FP_s_gapF_starr,2.46732880316092
