Row,Loss_RAMSEY,Loss_OSR,CEV
Union,0.0198345344553399,0.0815942410885259,1.48185717270291
Home,0.0333106663032134,0.0244538385349224,-0.561167917615984
Foreign,0.00650391402505754,0.143064016864809,2.20351317744895
