Coefficient,Value
FP_y_gapH,5.53833284934585
FP_pieH,-1.30634849060818
