Coefficient,Value
FP_y_gapH,6.26334919395525
FP_pieH,-1.78425906430219
