Coefficient,Value
FP_c_gapH,-9.69344892230494
FP_y_gapRH,-0.576186735137918
FP_c_gapF_starr,-0.461097993631058
FP_y_gapRF_starr,2.67096767593401
