Row,Loss_RAMSEY
Union,0.0716049004504249
Home,0.0244153772736835
Foreign,0.214899967207165
