Coefficient,Value
FP_c_gapH,-1.80316328977493
FP_s_gapH,-0.826455231958397
