Coefficient,Value
FP_c_gapH,-0.17479766156997
FP_s_gapH,-0.233651495861439
FP_c_gapF_starr,-0.317262870328324
FP_s_gapF_starr,-0.431100209987403
