Coefficient,Value
FP_y_gapH,-9.99999742407565
FP_y_gapF,-10
FP_pieH,5.72963144393461
FP_pieF,5.72964840124499
