Coefficient,Value
FP_nx_gapH,-0.0180233372976616
FP_nx_gapF_starr,-0.768860434138892
