Coefficient,Value
FP_c_gapH,-9.998758755272
FP_s_gapH,-6.56294856016032
FP_c_gapF_starr,3.00543369355561
FP_s_gapF_starr,5.95553579825594
