Row,Loss_RAMSEY,Loss_OSR,CEV
Union,0.0539389971929173,0.076493528952037,0.895510417019771
Home,0.0189799822909558,0.0310554800805755,0.655248832520753
Foreign,0.160663447410659,0.213079631299808,1.36516905117309
