Row,Loss_RAMSEY,Loss_OSR,CEV
Union,0.0564706869073024,0.0776984657552096,0.868772392602234
Home,0.0201451264344357,0.0305488352108354,0.608201977457407
Foreign,0.166658433116651,0.219324851201727,1.36842382109346
