Coefficient,Value
FP_y_gapH,4.95993633600959
FP_pieH,-2.16091223722638
