Coefficient,Value
FP_y_gapH,5.58849044811213
FP_pieH,-2.69629058655182
