Coefficient,Value
FP_c_gapH,-0.483334612993583
FP_s_gapH,-1.0783162282376
