Coefficient,Value
FP_c_H_gapH,-0.255281606906455
FP_c_H_gapF,0.0185670103616738
FP_c_F_gapH_starr,-0.385832786132501
FP_c_F_gapF_starr,2.61238199120918
