Coefficient,Value
FP_c_gapH,-0.961224477824162
FP_s_gapH,-0.887638689265817
