Coefficient,Value
FP_c_gapH,-0.135199601390694
FP_c_gapF,-1.89794000370038
FP_s_gapH,1.91257782171151
