Coefficient,Value
FP_c_gapH,-0.772922478014867
FP_c_gapF,-0.79614255322714
FP_s_gapH,3.28688006450471
