Row,Loss_RAMSEY
Union,0.0604184975711061
Home,0.0633524464351289
Foreign,0.0591984115149348
