Coefficient,Value
FP_c_gapH,4.83722205779829
FP_s_gapH,9.10354145098926
FP_c_gapF_starr,-5.30475787214279
FP_s_gapF_starr,-9.99731976963282
