Coefficient,Value
FP_c_gapH,0.0604478043500987
FP_s_gapH,-2.13655984602464
