Row,Loss_RAMSEY
Union,0.0359394553721635
Home,0.0296539002815495
Foreign,0.0554708823125284
