Row,Loss_RAMSEY
Union,0.0359394553721947
Home,0.0296539002815748
Foreign,0.0554708823125781
