Coefficient,Value
FP_c_gapH,-0.236396432401521
FP_s_gapH,-0.345358416977337
