Coefficient,Value
FP_c_gapH,-0.493748614580593
FP_s_gapH,-0.880195018448925
