Coefficient,Value
FP_c_gapH,0.211212554232692
FP_s_gapH,-2.27492494627355
