Row,Loss_RAMSEY,Loss_OSR,CEV
Union,0.0245967317759618,0.0345057976496497,0.593567470617765
Home,0.0411552241135068,0.0518517796425337,0.616702500696568
Foreign,0.0082477978752463,0.0205918072151581,0.662493856472292
