Row,Loss_RAMSEY,Loss_OSR,CEV
Union,0.0245967317759618,0.034713863279145,0.599766814040499
Home,0.0411552241135068,0.0532906094171149,0.656871651352462
Foreign,0.0082477978752463,0.0191737306718243,0.623279720947983
