Coefficient,Value
FP_y_gapH,4.25609276053292
FP_pieH,-0.210916768787688
