Coefficient,Value
FP_y_gapH,4.63990890275402
FP_pieH,-0.357434961384751
