Coefficient,Value
FP_c_gapH,-0.440178602658734
FP_c_gapF,-0.259872861497563
FP_s_gapH,1.50736421668195
