Row,Loss_RAMSEY
Union,0.0225057490334118
Home,0.0192275208615646
Foreign,0.0324572352687419
