Coefficient,Value
FP_c_gapH,-1.58412287035403
FP_s_gapH,-1.21579843379857
FP_c_gapF_starr,0.0532866008917406
FP_s_gapF_starr,0.254448730389437
