Coefficient,Value
FP_y_gapH,-4.00087926430966
FP_y_gapF,-4.00087931041416
FP_pieH,-2.37534136325704
FP_pieF,-2.37534108193659
