Coefficient,Value
FP_c_gapH,-0.13233803125047
FP_c_gapF,-0.593794698548549
FP_s_gapH,-0.752024580580021
