Coefficient,Value
FP_y_gapH,-6.71170764721344
FP_y_gapF,-2.21605209157593
FP_pieH,4.31749018474554
FP_pieF,-1.54455649756607
