Coefficient,Value
FP_y_gapH,-8.88354569019065
FP_y_gapF,-8.88354605104255
FP_pieH,-4.28288889040115
FP_pieF,-4.2828813556341
