Row,Loss_RAMSEY,Loss_OSR,CEV
Union,0.0604184975711061,0.0795099438750643,0.82389743275258
Home,0.0633524464351289,0.0872662223597525,0.922099554511909
Foreign,0.0591984115149348,0.0734211919741259,0.711125066898391
