Coefficient,Value
FP_y_gapH,6.32189754384322
FP_pieH,-3.08375303683256
