Coefficient,Value
FP_y_gapH,5.59992833929247
FP_pieH,-2.50319669359025
