Row,Loss_RAMSEY
Union,0.0533682967279435
Home,0.0182959737707373
Foreign,0.160773830890495
