Row,Loss_RAMSEY,Loss_OSR,CEV
Union,0.0460411261738507,0.0853018584073881,1.1814978400663
Home,0.0164699310734814,0.00408382271815585,-0.663622606414903
Foreign,0.135326007970035,0.328847311361005,2.62311979404319
