Coefficient,Value
FP_y_gapH,3.22080363868191
FP_y_gapF,-9.84454151462047
FP_pieH,-4.62502661903075
FP_pieF,2.17477031329276
