Coefficient,Value
FP_y_gapH,4.44144610617734
FP_y_gapF,1.4765847965744
FP_pieH,-1.83162027651453
FP_pieF,-0.581577585007382
