Row,Loss_RAMSEY
Union,0.0954732006007011
Home,0.0960486996762098
Foreign,0.0960486996762041
