Row,Loss_RAMSEY
Union,0.0240553939317924
Home,0.0399916168989562
Foreign,0.00834555193423124
