Coefficient,Value
FP_c_gapH,7.82311658781439
FP_s_gapH,8.91530613000646
FP_c_gapF_starr,-2.92156256786336
FP_s_gapF_starr,-9.9998969674364
