Row,Loss_RAMSEY
Union,0.0265300641099804
Home,0.0220962348329332
Foreign,0.0406434674016794
