Row,Loss_RAMSEY,Loss_OSR,CEV
Union,0.0334586929642409,0.130727937828283,1.85969407151025
Home,0.0557662837012105,0.0417846427506066,-0.705070926628681
Foreign,0.0115570596681536,0.225233436789242,2.75633493930595
