Row,Loss_RAMSEY,Loss_OSR,CEV
Union,0.0334586929642322,0.130727937828287,1.85969407151037
Home,0.0557662837011972,0.0417846427507147,-0.70507092662562
Foreign,0.0115570596681493,0.225233436789158,2.75633493930543
