Row,Loss_RAMSEY,Loss_OSR,CEV
Union,0.0334586929642322,0.136483299584365,1.91392192219834
Home,0.0557662837011972,0.0413975451712576,-0.714764633333603
Foreign,0.0115570596681493,0.236808255225721,2.83000554727416
