Coefficient,Value
FP_y_gapH,4.5976269799726
FP_pieH,-0.832535038773958
