Coefficient,Value
FP_y_gapH,4.12933057893647
FP_pieH,-0.531945926292623
