Coefficient,Value
FP_y_gapH,-9.93658521340972
FP_y_gapF,-6.49983127057629
FP_pieH,6.82309594103231
FP_pieF,-3.24538837282093
