Coefficient,Value
FP_y_gapH,7.4737586836274
FP_y_gapF,2.75340131647993
FP_pieH,2.63314097005221
FP_pieF,-3.68791083689213
