Row,Loss_RAMSEY,Loss_OSR,CEV
Union,0.0334797428780357,0.0748655930526201,1.21305271736077
Home,0.0557747435819048,0.0336431889989802,-0.887073682680298
Foreign,0.0114278495159622,0.116002749220646,1.92826830502566
