Coefficient,Value
FP_y_gapH,2.0697458066192
FP_pieH,-0.295523124385337
