Coefficient,Value
FP_y_gapH,2.22648312479062
FP_pieH,-0.379463820746061
