Coefficient,Value
FP_c_gapH,-0.174298072328682
FP_s_gapH,0.395709150923914
FP_c_gapF_starr,-0.168290055976469
FP_s_gapF_starr,-1.16041964541431
