Coefficient,Value
FP_c_gapH,-0.588188386331388
FP_s_gapH,-1.12581464131243
