Coefficient,Value
FP_c_gapH,0.0579274003075014
FP_s_gapH,-1.85322063201441
