Row,Loss_RAMSEY,Loss_OSR,CEV
Union,0.0359394553721635,0.489778795786526,4.01702749323421
Home,0.0296539002815495,0.0753546308925843,1.27472148572546
Foreign,0.0554708823125284,1.7679058768014,7.80298517119099
