Coefficient,Value
FP_c_gapH,6.16326816618734
FP_s_gapH,4.38979699857722
FP_c_gapF_starr,-2.36729713095162
FP_s_gapF_starr,-5.06762120680387
