Coefficient,Value
FP_y_gapH,-4.17781022082445
FP_y_gapF,10
FP_pieH,-0.154196024065469
FP_pieF,-9.83675459878016
