Coefficient,Value
FP_c_gapH,-0.682407370470632
FP_s_gapH,0.844914841235472
