Row,Loss_RAMSEY
Union,0.0946208812391961
Home,0.0975969223884591
Foreign,0.0955627885201909
