Row,Loss_RAMSEY
Union,0.0334797428781028
Home,0.0557747435820157
Foreign,0.0114278495159859
