Coefficient,Value
FP_c_gapH,-0.970738288025117
FP_s_gapH,-2.19386469861639
