Coefficient,Value
FP_c_gapCU,0.855006691264279
FP_s_gapH,-0.209181718332556
FP_c_gapCU_starr,-6.48228724797673
FP_s_gapF_starr,-0.652400717528874
