Coefficient,Value
FP_c_gapH,-0.221086700025909
FP_c_gapF,1.7113965461319
FP_s_gapH,-6.37474235653062
