Coefficient,Value
FP_c_gapH,0.0604617740932746
FP_c_gapF,-1.35271338020034
FP_s_gapH,0.906963504403889
