Coefficient,Value
FP_c_gapH,0.442841119873584
FP_s_gapH,0.825290541188561
FP_c_gapF_starr,-0.927876344516742
FP_s_gapF_starr,-1.71042318646174
