Coefficient,Value
FP_c_gapH,0.783396214321024
FP_y_gapRH,5.7863412665319
FP_c_gapF_starr,2.3568243974536
FP_y_gapRF_starr,6.47678673278605
