Coefficient,Value
FP_y_gapH,6.18326028378686
FP_y_gapF,2.58788791496405
FP_pieH,0.481721980943371
FP_pieF,1.02476027198799
