Coefficient,Value
FP_c_gapH,-1.85043725345274
FP_s_gapH,-2.43940562518136
