Row,Loss_RAMSEY
Union,0.0989714360438449
Home,0.104240213295524
Foreign,0.096614501526241
