Row,Loss_RAMSEY
Union,0.0757141853529912
Home,0.0270928185891224
Foreign,0.223956755880145
