Row,Loss_RAMSEY,Loss_OSR,CEV
Union,0.0325271382953334,0.0411742528224548,0.554484410028196
Home,0.053309575730816,0.0625483486850056,0.573140214116802
Foreign,0.0119672785513566,0.0197823419187682,0.527132734451381
