Coefficient,Value
FP_y_gapH,1.96041839903584
FP_pieH,-0.280509126103193
FP_y_gapF_starr,-0.0533688200719163
FP_pieF_starr,0.15598553090324
