Coefficient,Value
FP_y_gapH,-4.19654223186961
FP_y_gapF,-3.70239916110361
FP_pieH,2.51767683796787
FP_pieF,-1.75045994910219
