Row,Loss_RAMSEY,Loss_OSR,CEV
Union,0.0245967317759618,0.162361859009443,2.21321387013732
Home,0.0411552241135068,0.00327802474698016,-1.16049337196099
Foreign,0.0082477978752463,0.321972788161364,3.33986022481244
