Row,Loss_RAMSEY,Loss_OSR,CEV
Union,0.0245967317759618,0.164826327776918,2.23292211936402
Home,0.0411552241135068,0.00306753242032105,-1.16371346902059
Foreign,0.0082477978752463,0.32699498552707,3.36648679467654
