Coefficient,Value
FP_c_gapH,-0.416455516694031
FP_c_gapF,0.360389482289978
FP_s_gapH,-2.97004401710501
