Coefficient,Value
FP_c_gapH,-2.06173820196559
FP_s_gapH,-4.13820970374409
