Coefficient,Value
FP_c_gapH,1.26157199287249
FP_s_gapH,1.76563457568597
FP_c_gapF_starr,-1.74230378359586
FP_s_gapF_starr,-2.43718359728315
