Row,Loss_RAMSEY,Loss_OSR,CEV
Union,0.0198041824609524,0.0671013519773822,1.29679494846408
Home,0.0332949838506155,0.0132157582836995,-0.84494261352888
Foreign,0.00643734833925217,0.120976053695969,2.01804046083624
