Coefficient,Value
FP_c_gapH,-5.98426632482358
FP_y_gapRH,-0.246372501526392
FP_c_gapF_starr,-4.48506946859127
FP_y_gapRF_starr,-1.06983108769517
