Coefficient,Value
FP_c_gapCU,3.56707971575087
FP_s_gapH,-0.370197868290925
FP_c_gapCU_starr,-5.51721334369305
FP_s_gapF_starr,-0.37820548283053
