Coefficient,Value
FP_c_gapH,-0.219078566140974
FP_c_gapF,-0.179493466028975
FP_s_gapH,-0.922326952195725
