Row,Loss_RAMSEY,Loss_OSR,CEV
Union,0.0265300641099804,0.0555742225303054,1.01620922465712
Home,0.0220962348329332,0.00663148260408627,-0.741524009743224
Foreign,0.0406434674016794,0.202923659829991,2.40207460280714
