Coefficient,Value
FP_y_gapH,1.49984750191155
FP_pieH,-0.492703633688456
FP_y_gapF_starr,1.15226561455545
FP_pieF_starr,-0.244221874367855
