Coefficient,Value
FP_y_gapH,1.50106161049418
FP_pieH,-0.49268831963395
FP_y_gapF_starr,1.15185569066015
FP_pieF_starr,-0.24423664889989
