Coefficient,Value
FP_c_gapCU,-1.26975556462015
FP_s_gapH,0.26716106596665
FP_c_gapCU_starr,-1.0680277696309
FP_s_gapF_starr,-0.631293995990341
