Row,Loss_RAMSEY,Loss_OSR,CEV
Union,0.0716164506969753,0.105149278769167,1.09191498362084
Home,0.0735967500886688,0.131579508350035,1.43583048533814
Foreign,0.0709552270712046,0.078834907644226,0.529307491326255
