Row,Loss_RAMSEY,Loss_OSR,CEV
Union,0.0737508224734089,0.105149278769159,1.05659337362215
Home,0.0765586152938562,0.131579508350522,1.3986773823125
Foreign,0.0719662498549357,0.0788349076437251,0.494185130898737
