Coefficient,Value
FP_y_gapH,2.6817570869253
FP_pieH,-1.37736411365514
