Coefficient,Value
FP_y_gapH,2.47996833127513
FP_pieH,-1.1853454840975
