Coefficient,Value
FP_c_gapH,-0.23855169294788
FP_c_gapF,2.33322180830111
FP_s_gapH,-5.07253436928926
