Coefficient,Value
FP_y_gapH,4.32647970144729
FP_y_gapF,4.29870504374837
FP_pieH,-4.24425752768702
FP_pieF,-4.08695080764804
