Coefficient,Value
FP_c_gapH,-3.33505020337285
FP_s_gapH,0.0497619485058044
