Row,Loss_RAMSEY,Loss_OSR,CEV
Union,0.0601095106742511,0.0841135288525949,0.923837757345232
Home,0.0625990304830158,0.101852211404688,1.18138421142015
Foreign,0.058600103703765,0.0665726281067621,0.532416692383689
