Coefficient,Value
FP_y_gapH,2.79996470169587
FP_pieH,-1.42190556949678
