Coefficient,Value
FP_y_gapH,3.04062020647624
FP_pieH,-1.63936559444379
