Row,Loss_RAMSEY,Loss_OSR,CEV
Union,0.0278191079679426,0.0371353753871943,0.575538933344752
Home,0.0236113423974723,0.0282698802785098,0.406985137857499
Foreign,0.0408098612586035,0.0639032291246637,0.906144317493954
