Row,Loss_RAMSEY,Loss_OSR,CEV
Union,0.0278191079679426,0.0366915676635932,0.56166291814854
Home,0.0236113423974723,0.0278928824652976,0.390169880622401
Foreign,0.0408098612586035,0.063341324352151,0.895052338006319
