Coefficient,Value
FP_y_gapH,4.63990780611411
FP_pieH,-0.94849257187448
