Coefficient,Value
FP_y_gapH,4.25609344259916
FP_pieH,-0.7486750710576
