Coefficient,Value
FP_y_gapH,4.25609238682113
FP_pieH,-0.748501766610407
