Coefficient,Value
FP_c_gapH,-1.74461066138808
FP_s_gapH,-0.391984596963817
