Row,Loss_RAMSEY,Loss_OSR,CEV
Union,0.0564706869073024,0.0806333091605761,0.926884813714292
Home,0.0201451264344357,0.033830087564808,0.697550281876922
Foreign,0.166658433116651,0.221130095686086,1.39167892298871
