Row,Loss_RAMSEY,Loss_OSR,CEV
Union,0.0564706869073024,0.0800895231157172,0.916395571227765
Home,0.0201451264344357,0.0348030489608964,0.721921449133217
Foreign,0.166658433116651,0.216088371415063,1.32571072156669
