Coefficient,Value
FP_y_gapH,4.95993810191906
FP_pieH,-2.48121797339489
