Coefficient,Value
FP_y_gapH,4.95993824975462
FP_pieH,-2.48131427892104
