Coefficient,Value
FP_y_gapH,5.56531306798567
FP_pieH,-2.98355978078635
