Coefficient,Value
FP_c_gapH,-0.622237390419597
FP_c_gapF,4.96441675996197
FP_s_gapH,-6.2790689150843
