Row,Loss_RAMSEY,Loss_OSR,CEV
Union,0.0989714360438218,0.189805845558182,1.79712767878187
Home,0.1042402132955,0.0375882238470291,-1.53943123059246
Foreign,0.0966145015262183,0.342162856611916,2.95476025775778
