Row,Loss_RAMSEY,Loss_OSR,CEV
Union,0.0989714360438218,0.189687073641789,1.79595236361441
Home,0.1042402132955,0.0376937252367878,-1.53821238884579
Foreign,0.0966145015262183,0.341877878887044,2.95304514687738
