Coefficient,Value
FP_c_gapH,-2.77228277974216
FP_s_gapH,-0.559232570545231
FP_c_gapF_starr,0.113907838179955
FP_s_gapF_starr,0.404713448037497
