Coefficient,Value
FP_c_gapH,0.028486692119023
FP_s_gapH,-8.05517979465778
