Coefficient,Value
FP_c_gapH,-0.967816721426177
FP_s_gapH,-0.669648060230358
