Coefficient,Value
FP_c_gapCU,-1.87167137057636
FP_s_gapH,-1.08443165306626
