Coefficient,Value
FP_c_gapH,-1.09616373295271
FP_s_gapH,-0.848896090856
