Coefficient,Value
FP_c_H_gapH,2.51906832545809
FP_c_H_gapF,-0.0412634224036073
FP_c_F_gapH_starr,-0.014487930327964
FP_c_F_gapF_starr,-0.258032835986006
