Coefficient,Value
FP_y_gapH,-9.08969256506495
FP_y_gapF,-4.36581920566278
FP_pieH,-0.38745967732264
FP_pieF,-2.52474311136495
