Coefficient,Value
FP_c_gapH,-2.87705360389438
FP_s_gapH,-0.841030664319981
FP_c_gapF_starr,0.0874800718746967
FP_s_gapF_starr,0.478497526620605
