Row,Loss_RAMSEY,Loss_OSR,CEV
Union,0.0716049004504423,0.0930741559213635,0.873699780034742
Home,0.0244153772736924,0.0311028668883796,0.487624249317248
Foreign,0.214899967207208,0.278337261951347,1.50184828047622
