Coefficient,Value
FP_y_gapH,1.03986800769115
FP_pieH,-0.251373632595568
FP_y_gapF_starr,1.04002648291347
FP_pieF_starr,-0.251366113251997
