Coefficient,Value
FP_y_gapH,1.04002710352737
FP_pieH,-0.251390101857115
FP_y_gapF_starr,1.03997340948773
FP_pieF_starr,-0.25132531764244
