Row,Loss_RAMSEY,Loss_OSR,CEV
Union,0.0376977494172125,0.116220759345487,1.67090671250499
Home,0.0317659478552458,0.00464915966644722,-0.981912658506377
Foreign,0.0563159999481484,0.451142484815603,3.74676861008383
