Row,Loss_RAMSEY,Loss_OSR,CEV
Union,0.0376977494172125,0.117835895732131,1.68800364733591
Home,0.0317659478552458,0.00439158804948159,-0.986565036311148
Foreign,0.0563159999481484,0.458392744143065,3.7810133583233
