Row,Loss_RAMSEY,Loss_OSR,CEV
Union,0.0334797428780357,0.0830348818820561,1.32738860094575
Home,0.0557747435819048,0.0252271919690018,-1.04217808864837
Foreign,0.0114278495159622,0.140870097307142,2.14531839888053
