Coefficient,Value
FP_y_gapH,2.06974559990879
FP_pieH,-0.525787523067147
