Coefficient,Value
FP_y_gapH,2.2265006397747
FP_pieH,-0.611509297372644
