Row,Loss_RAMSEY,Loss_OSR,CEV
Union,0.0238076557900716,0.0980220597938451,1.62441816185938
Home,0.0393383343433038,0.0255817839569505,-0.699372426904852
Foreign,0.00872554573004992,0.174609732080521,2.42860132660186
