Coefficient,Value
FP_y_gapH,3.41459563789457
FP_pieH,-0.822833327041792
FP_y_gapF_starr,0.505928369612607
FP_pieF_starr,-0.00412909934579963
