Coefficient,Value
FP_c_gapH,-0.962615027790422
FP_s_gapH,-1.07932992336838
