Coefficient,Value
FP_c_gapH,-0.795254819704681
FP_s_gapH,-0.726717837505427
FP_c_gapF_starr,-0.0637413445439753
FP_s_gapF_starr,-0.153766100877255
