Coefficient,Value
FP_c_gapH,-0.224094344295633
FP_c_gapF,3.38009897022648
FP_s_gapH,-5.10948222878616
