Coefficient,Value
FP_c_gapH,-0.224416301170651
FP_s_gapH,-1.92551238779186
