Row,Loss_RAMSEY
Union,0.0198345344553399
Home,0.0333106663032134
Foreign,0.00650391402505754
