Coefficient,Value
FP_c_gapH,1.96264512427984
FP_s_gapH,1.90084937940498
FP_c_gapF_starr,-0.957494022555717
FP_s_gapF_starr,-2.80304876290337
