Coefficient,Value
FP_c_gapH,-0.25854072316967
FP_s_gapH,-0.266900298219551
FP_c_gapF_starr,-0.257210081324729
FP_s_gapF_starr,-0.795540605114647
