Row,Loss_RAMSEY
Union,0.0325271382953353
Home,0.0533095757308209
Foreign,0.0119672785513557
