Coefficient,Value
FP_y_gapH,3.48902727017018
FP_pieH,-0.507534771910793
FP_y_gapF_starr,0.0764219013613198
FP_pieF_starr,0.13421979542869
