Coefficient,Value
FP_c_gapH,3.37647970539598
FP_s_gapH,-8.39723901742967
FP_c_gapF_starr,-0.566115489342041
FP_s_gapF_starr,-1.22376432503463
