Coefficient,Value
FP_y_gapH,3.27933108343723
FP_pieH,-0.99944322727731
FP_y_gapF_starr,0.600159910603113
FP_pieF_starr,0.0245131716758693
