Row,Loss_RAMSEY
Union,0.0961941580492687
Home,0.0987035218560711
Foreign,0.0950222893123339
