Row,Loss_RAMSEY
Union,0.0988802530743557
Home,0.10271221483616
Foreign,0.0965006906980306
