Coefficient,Value
FP_c_gapH,4.61138663913605
FP_y_gapRH,9.99997861523996
