Row,Loss_RAMSEY
Union,0.0564706869073024
Home,0.0201451264344357
Foreign,0.166658433116651
