Coefficient,Value
FP_y_gapH,-4.22756402918863
FP_y_gapF,-1.19373491646513
FP_pieH,3.44452562509018
FP_pieF,-0.506519647544953
