Coefficient,Value
FP_c_gapH,-0.236653910893746
FP_c_gapF,3.57639761725564
FP_s_gapH,-7.07030478433047
