Coefficient,Value
FP_c_gapH,-3.48677704599987
FP_s_gapH,-0.18784094013985
