Coefficient,Value
FP_y_gapH,3.91479947107671
FP_pieH,-1.36568416523971
FP_y_gapF_starr,0.561709892718884
FP_pieF_starr,-0.152756915988187
