Coefficient,Value
FP_c_gapH,9.99987606241194
FP_s_gapH,8.72943273540068
FP_c_gapF_starr,-0.26479561336735
FP_s_gapF_starr,-0.393674361491107
