Coefficient,Value
FP_y_gapH,-4.22710254383058
FP_y_gapF,-1.24572820065135
FP_pieH,3.41420352842028
FP_pieF,-0.515282372305548
