Coefficient,Value
FP_c_gapH,3.28986176828865
FP_s_gapH,-8.93124232727022
FP_c_gapF_starr,-0.577267693944981
FP_s_gapF_starr,-1.51796956677308
