Coefficient,Value
FP_c_gapH,9.9998798225662
FP_s_gapH,3.12518644138583
FP_c_gapF_starr,-0.254843972352487
FP_s_gapF_starr,-0.481403473898018
