Row,Loss_RAMSEY,Loss_OSR,CEV
Union,0.0988802530743557,0.134022981907411,1.11781896897374
Home,0.10271221483616,0.151205126502762,1.31308507523789
Foreign,0.0965006906980306,0.116680407030939,0.847054322443409
