Coefficient,Value
FP_y_gapH,2.07997359694191
FP_pieH,-0.638818191924531
