Coefficient,Value
FP_y_gapH,2.23957485558549
FP_pieH,-0.783493680170352
