Coefficient,Value
FP_y_gapH,-4.28269552765689
FP_y_gapF,9.99999572901503
FP_pieH,0.369683108645735
FP_pieF,-9.60011797262392
