Row,Loss_RAMSEY
Union,0.0245967317759461
Home,0.0411552241134814
Foreign,0.00824779787524031
