Row,Loss_RAMSEY
Union,0.0245967317759618
Home,0.0411552241135068
Foreign,0.0082477978752463
