Coefficient,Value
FP_c_gapH,-0.852633890642458
FP_s_gapH,-0.918405994066235
