Row,Loss_RAMSEY,Loss_OSR,CEV
Union,0.0334797428780357,0.043237979659327,0.589032707072764
Home,0.0557747435819048,0.0592894144000639,0.35350540806973
Foreign,0.0114278495159622,0.0271003378391771,0.746487795794321
