Row,Loss_RAMSEY,Loss_OSR,CEV
Union,0.0334797428780357,0.0429746089482414,0.581029464013452
Home,0.0557747435819048,0.061055494550185,0.433312859753483
Foreign,0.0114278495159622,0.0248353960698788,0.690443890813352
