Coefficient,Value
FP_y_gapH,1.91549054417275
FP_pieH,-0.081333306642611
