Coefficient,Value
FP_y_gapH,2.02760030079635
FP_pieH,-0.125327460073429
