Coefficient,Value
FP_c_gapH,-1.02907245301505
FP_s_gapH,-3.48055008385527
