Coefficient,Value
FP_c_gapH,-0.613525612665741
FP_s_gapH,-1.01246716166121
