Coefficient,Value
FP_c_H_gapH,2.54500629500168
FP_c_H_gapF,-0.0694878580315199
FP_c_F_gapH_starr,-0.0122159220900663
FP_c_F_gapF_starr,-0.256755461727311
