Coefficient,Value
FP_c_gapH,-1.40348733605789
FP_s_gapH,-0.636837492106339
