Coefficient,Value
FP_y_gapH,7.55990751898099
FP_y_gapF,5.82866090105283
FP_pieH,-4.89778249677839
FP_pieF,-10
