Coefficient,Value
FP_c_gapH,-1.47302182220738
FP_s_gapH,-1.02868453703945
