Row,Loss_RAMSEY,Loss_OSR,CEV
Union,0.0334586929642322,0.047205596714628,0.699127170130064
Home,0.0557662837011972,0.0694462966709789,0.697424161574428
Foreign,0.0115570596681493,0.0288412583178949,0.783931939216848
