Row,Loss_RAMSEY,Loss_OSR,CEV
Union,0.0334586929642322,0.0469283634953142,0.692041630888574
Home,0.0557662837011972,0.0664807512471163,0.617218637175778
Foreign,0.0115570596681493,0.0314285056957606,0.840559517942637
