Coefficient,Value
FP_y_gapH,3.99941588861929
FP_pieH,-0.174607388139254
