Coefficient,Value
FP_y_gapH,3.68327294813186
FP_pieH,-0.0559981799455688
