Coefficient,Value
FP_c_gapH,9.57532173072422
FP_y_gapRH,1.3261567328285
FP_c_gapF_starr,2.21435164871548
FP_y_gapRF_starr,5.03230812864306
