Coefficient,Value
FP_c_gapH,0.687986306778158
FP_s_gapH,0.773899136031267
FP_c_gapF_starr,-0.549880922212787
FP_s_gapF_starr,-1.85346882063104
