Coefficient,Value
FP_y_gapH,1.6253194558827
FP_pieH,-0.410378040878895
FP_y_gapF_starr,1.17128104077735
FP_pieF_starr,-0.151313500739036
