Coefficient,Value
FP_y_gapH,1.40058839044063
FP_pieH,-0.532284438435091
FP_y_gapF_starr,1.3993758555711
FP_pieF_starr,-0.532151813069116
