Coefficient,Value
FP_y_gapH,7.62762857376411
FP_y_gapF,1.63916170776129
FP_pieH,-6.86812285419345
FP_pieF,0.247230570652836
