Coefficient,Value
FP_c_gapH,9.99816762458308
FP_s_gapH,5.63828104874781
FP_c_gapF_starr,-0.264774174366984
FP_s_gapF_starr,-0.291805746260916
