Coefficient,Value
FP_y_gapH,-7.9249362326977
FP_y_gapF,-9.59937136202302
FP_pieH,-8.63882994030098
FP_pieF,4.46337329665008
