Coefficient,Value
FP_c_gapH,-0.807832245379879
FP_c_gapF,1.3411792297152
FP_s_gapH,-1.71920073933627
