Coefficient,Value
FP_c_gapH,-2.06634654266663
FP_s_gapH,-2.19042420801221
FP_c_gapF_starr,0.342402025219125
FP_s_gapF_starr,1.13103885115867
