Coefficient,Value
FP_c_gapH,-0.323003322345787
FP_c_gapF,2.49160505215983
FP_s_gapH,-7.25894815031536
