Coefficient,Value
FP_y_gapH,7.51121662744205
FP_y_gapF,3.90475917073074
FP_pieH,-1.14205080950472
FP_pieF,2.11111242637852
