Coefficient,Value
FP_c_gapH,-2.31800538996494
FP_s_gapH,-3.06950665561736
FP_c_gapF_starr,1.80738767282045
FP_s_gapF_starr,2.41695381317869
