Coefficient,Value
FP_y_gapH,-6.33940509207492
FP_y_gapF,10
FP_pieH,0.896955585460939
FP_pieF,-4.70103023726883
