Coefficient,Value
FP_y_gapH,1.39989011887312
FP_pieH,-0.532216154875629
FP_y_gapF_starr,1.40007452930769
FP_pieF_starr,-0.532153468613383
