Row,Loss_RAMSEY
Union,0.0238933572694959
Home,0.0394199654521692
Foreign,0.00864210729299801
