Row,Loss_RAMSEY,Loss_OSR,CEV
Union,0.0954732006005937,0.124099105174162,1.00886567014323
Home,0.0960486996761056,0.123865489739322,0.99450561811883
Foreign,0.096048699676093,0.123898939357749,0.995103383692703
