Row,Loss_RAMSEY,Loss_OSR,CEV
Union,0.0954732006007011,0.124099105174209,1.00886567014215
Home,0.0960486996762098,0.123865489739401,0.994505618118372
Foreign,0.0960486996762041,0.123898939357765,0.995103383691003
