Coefficient,Value
FP_y_gapH,1.0400311239701
FP_pieH,-0.251033794218484
FP_y_gapF_starr,1.03994300187918
FP_pieF_starr,-0.251689029652074
