Row,Loss_RAMSEY,Loss_OSR,CEV
Union,0.0245768377688378,0.0608121629326484,1.13506260485292
Home,0.0411362146348096,0.0183208239830489,-0.900674130771158
Foreign,0.00816658637814621,0.10332817173891,1.83943552076428
