Coefficient,Value
FP_y_gapH,2.46440895457198
FP_pieH,-0.703844067814086
