Coefficient,Value
FP_y_gapH,2.66925312959437
FP_pieH,-0.806648111188001
