Coefficient,Value
FP_c_gapH,-0.168553668903791
FP_c_gapF,1.75087409083901
FP_s_gapH,-4.11161712941291
