Coefficient,Value
FP_c_gapH,4.60911717931779
FP_y_gapRH,9.99999945086252
