Row,Loss_RAMSEY,Loss_OSR,CEV
Union,0.0946208812390944,0.144841487306642,1.33627151023599
Home,0.0975969223883617,0.0609223665020087,-1.14192127981422
Foreign,0.0955627885200837,0.233550923363638,2.21500446826581
