Coefficient,Value
FP_y_gapH,2.81545549892117
FP_pieH,-0.646866185991677
FP_y_gapF_starr,0.448164021524892
FP_pieF_starr,-0.0439168094624585
