Row,Loss_RAMSEY
Union,0.0725029972448494
Home,0.0254885978218293
Foreign,0.215722086140139
