Row,Loss_RAMSEY,Loss_OSR,CEV
Union,0.0989714360438218,0.132199761355543,1.08694598147238
Home,0.1042402132955,0.15211511880799,1.30469109856176
Foreign,0.0966145015262183,0.11424624716956,0.791774280816994
