Row,Loss_RAMSEY,Loss_OSR,CEV
Union,0.0989714360438218,0.136150941417904,1.14975561266568
Home,0.1042402132955,0.153502721856261,1.32346358466646
Foreign,0.0966145015262183,0.120321547625504,0.918105219809402
