Coefficient,Value
FP_y_gapH,4.15994686070326
FP_pieH,-1.4914937283454
