Coefficient,Value
FP_y_gapH,4.61956160478325
FP_pieH,-1.88409101538827
