Coefficient,Value
FP_c_gapCU,-0.952725364130961
FP_s_gapH,-1.78610100768372
