Coefficient,Value
FP_y_gapH,-4.17630137371256
FP_y_gapF,-1.03424918149594
FP_pieH,1.92575297382684
FP_pieF,-3.2315098166962
