Coefficient,Value
FP_y_gapH,-7.17794328651024
FP_y_gapF,-8.79355070039497
FP_pieH,8.23517287823358
FP_pieF,-9.21969227760041
