Coefficient,Value
FP_y_gapH,2.06435627410909
FP_pieH,-0.639623957015
FP_y_gapF_starr,0.698530352894496
FP_pieF_starr,-0.125770632962828
