Coefficient,Value
FP_c_gapH,-1.61881173259846
FP_s_gapH,-1.01191386595534
FP_c_gapF_starr,0.0743620926353422
FP_s_gapF_starr,0.249603971736346
