Coefficient,Value
FP_c_gapH,-0.191452553648898
FP_c_gapF,-5.37546809382305
FP_s_gapH,7.06344299356897
