Coefficient,Value
FP_y_gapH,-8.72343910250249
FP_y_gapF,-3.65396281461786
FP_pieH,-3.48798016542173
FP_pieF,9.15868540631668
