Row,Loss_RAMSEY
Union,0.0325271382953334
Home,0.053309575730816
Foreign,0.0119672785513566
