Coefficient,Value
FP_y_gapH,-10
FP_y_gapF,-5.25469465452071
FP_pieH,1.04931974333578
FP_pieF,1.29342654547236
