Row,Loss_RAMSEY,Loss_OSR,CEV
Union,0.0740344682073349,0.116892795898949,1.23444386314543
Home,0.0775978287417086,0.0522476910699646,-0.94938834431895
Foreign,0.072366564164625,0.185355561843594,2.00434193293987
