Row,Loss_RAMSEY,Loss_OSR,CEV
Union,0.0740344682073349,0.315133815003221,2.92786974085414
Home,0.0775978287417086,0.143307744687431,1.52851318834972
Foreign,0.072366564164625,0.506455265182561,3.92864670402954
