Coefficient,Value
FP_y_gapH,5.58849148673727
FP_pieH,-2.0791601176303
