Coefficient,Value
FP_y_gapH,6.00401686855998
FP_pieH,-6.05848883678824
