Coefficient,Value
FP_c_gapH,-0.603985596297605
FP_s_gapH,-0.597085618539862
