Coefficient,Value
FP_c_gapH,-0.850489083824828
FP_s_gapH,-0.704841499122521
