Row,Loss_RAMSEY,Loss_OSR,CEV
Union,0.0225057490334118,0.0665038359091331,1.25075034369289
Home,0.0192275208615646,0.00240070352528713,-0.773490037830611
Foreign,0.0324572352687419,0.258773111821166,2.83668586943708
