Coefficient,Value
FP_c_gapH,-0.973835784552302
FP_s_gapH,-0.884065454012821
