Coefficient,Value
FP_c_gapH,-0.496831392924329
FP_s_gapH,-1.07156785828523
