Coefficient,Value
FP_y_gapH,3.84343436177366
FP_pieH,-1.06643141219861
FP_y_gapF_starr,0.573375550094265
FP_pieF_starr,-0.0373341970765721
