Row,Loss_RAMSEY,Loss_OSR,CEV
Union,0.0705658622667616,0.110709774808301,1.19471298335127
Home,0.0728851200641753,0.0458432675579316,-0.980554990355404
Foreign,0.072067254755513,0.180052434908652,1.95945734123293
