Row,Loss_RAMSEY,Loss_OSR,CEV
Union,0.0705658622667894,0.110709774808262,1.19471298335027
Home,0.0728851200642013,0.0458432675578554,-0.980554990357258
Foreign,0.0720672547555443,0.180052434908635,1.95945734123249
