Coefficient,Value
FP_y_gapH,3.42051701462877
FP_pieH,-1.03249957096093
FP_y_gapF_starr,0.513140114380633
FP_pieF_starr,-0.105935156658455
