Row,Loss_RAMSEY,Loss_OSR,CEV
Union,0.0757141853529912,0.154497375422734,1.67367263566345
Home,0.0270928185891224,0.00699238570585483,-0.84538870235634
Foreign,0.223956755880145,0.597325340659691,3.6435322777256
