Row,Loss_RAMSEY,Loss_OSR,CEV
Union,0.0757141853529912,0.152813186668271,1.65568651155443
Home,0.0270928185891224,0.00735190402469036,-0.837794237574561
Foreign,0.223956755880145,0.589470955387449,3.60500491357868
