Row,Loss_RAMSEY,Loss_OSR,CEV
Union,0.0238933572694847,0.0306584179398216,0.490444176742745
Home,0.0394199654521487,0.0466990014955263,0.508733889603595
Foreign,0.00864210729299588,0.0147287146166356,0.465201789378034
