Coefficient,Value
FP_y_gapH,2.26046942913175
FP_pieH,-0.377295267323407
FP_y_gapF_starr,-0.0320417901594645
FP_pieF_starr,0.172059724310367
