Row,Loss_RAMSEY,Loss_OSR,CEV
Union,0.0961941580492687,0.143926688288655,1.3027496423848
Home,0.0987035218560711,0.190183785697463,1.80350536546179
Foreign,0.0950222893123339,0.0976869604810235,0.307804911877034
