Row,Loss_RAMSEY,Loss_OSR,CEV
Union,0.0988802530743557,0.147220358482398,1.3110146083843
Home,0.10271221483616,0.191062526989782,1.77238382754097
Foreign,0.0965006906980306,0.103454468303107,0.49723779618837
