Row,Loss_RAMSEY,Loss_OSR,CEV
Union,0.0988802530743557,0.143926688288588,1.26556352264095
Home,0.10271221483616,0.190183785697966,1.76354764531857
Foreign,0.0965006906980306,0.0976869604803838,0.205374003102477
