Coefficient,Value
FP_y_gapH,2.23317826538145
FP_pieH,-1.04145408889061
