Coefficient,Value
FP_y_gapH,2.07997328742581
FP_pieH,-0.883055528120671
