Coefficient,Value
FP_nx_gapH,0.980040741413612
FP_nx_gapF_starr,-0.999821131321717
