Coefficient,Value
FP_c_gapH,-0.261579906169294
FP_c_gapF,3.4180227635286
FP_s_gapH,-7.27435557947498
