Coefficient,Value
FP_y_gapH,-5.98624165634945
FP_y_gapF,-1.99541606005892
FP_pieH,2.27673368365562
FP_pieF,0.758924792995007
