Row,Loss_RAMSEY
Union,0.03240345905074
Home,0.0532537764277504
Foreign,0.0119953944993797
