Coefficient,Value
FP_c_gapCU,-2.21305603352168
FP_s_gapH,0.476054061422601
