Coefficient,Value
FP_c_gapH,-0.857108166670371
FP_s_gapH,-0.917139213091343
