Row,Loss_RAMSEY,Loss_OSR,CEV
Union,0.0278191079679426,0.0331837692264464,0.436741927702697
Home,0.0236113423974723,0.0188739971761283,-0.410413134784139
Foreign,0.0408098612586035,0.0766863638465416,1.12942860814859
