Coefficient,Value
FP_y_gapH,-10
FP_y_gapF,-9.12170620837644
FP_pieH,-4.05066644216091
FP_pieF,3.42153398849815
