Coefficient,Value
FP_y_gapH,4.48441842458475
FP_y_gapF,3.95110873198338
FP_pieH,-1.84439138074611
FP_pieF,0.295000578112082
