Row,Loss_RAMSEY,Loss_OSR,CEV
Union,0.0363396993400147,0.0890301525062426,1.36873603547186
Home,0.0302955206718733,0.00648649988415183,-0.920077693100538
Foreign,0.0553210679182619,0.336783930272888,3.16347410915209
