Coefficient,Value
FP_y_gapH,-10
FP_y_gapF,-9.02928142497813
FP_pieH,-4.10589007630924
FP_pieF,2.37681754123866
