Coefficient,Value
FP_c_gapH,1.17080150482655
FP_y_gapRH,8.04755658565185
