Row,Loss_RAMSEY,Loss_OSR,CEV
Union,0.0460411261738507,0.0637719128589915,0.793994943955709
Home,0.0164699310734814,0.026575570945522,0.599426092103752
Foreign,0.135326007970035,0.175541587049528,1.19577893281315
