Coefficient,Value
FP_y_gapH,6.32193378226331
FP_pieH,-3.51838465988336
