Coefficient,Value
FP_y_gapH,5.59994808730723
FP_pieH,-2.936928967236
