Row,Loss_RAMSEY,Loss_OSR,CEV
Union,0.0240553939317924,0.0518434249306257,0.993991388271808
Home,0.0399916168989562,0.0215131389282449,-0.810563106778082
Foreign,0.00834555193423124,0.0824960274933466,1.62371837250583
