Row,Loss_RAMSEY
Union,0.0705658622667616
Home,0.0728851200641753
Foreign,0.072067254755513
