Row,Loss_RAMSEY
Union,0.0705658622667894
Home,0.0728851200642013
Foreign,0.0720672547555443
