Coefficient,Value
FP_c_gapH,-1.02913315279455
FP_s_gapH,-3.48084653678302
