Coefficient,Value
FP_c_gapH,-0.970596469104241
FP_s_gapH,-2.19343684838174
