Coefficient,Value
FP_c_gapH,-2.14802808141313
FP_s_gapH,0.852895405299862
