Coefficient,Value
FP_c_gapCU,-1.4068473965013
FP_s_gapH,-0.0422398843919124
