Coefficient,Value
FP_c_gapH,0.0532188958479621
FP_c_gapF,2.7783736963714
FP_s_gapH,-5.39624635482738
