Coefficient,Value
FP_c_gapH,-0.609124739008252
FP_s_gapH,-0.81417121477852
