Coefficient,Value
FP_y_gapH,-3.99196724784624
FP_y_gapF,-1.33065574932262
FP_pieH,-2.37237329405694
FP_pieF,-0.790790993471728
