Coefficient,Value
FP_c_gapH,9.99988145316021
FP_s_gapH,7.14899226741269
FP_c_gapF_starr,-3.64372972175226
FP_s_gapF_starr,-7.82836341601002
